email,full_name,total_orders,total_spent_inr,signup_date,city,accepts_marketing
mohan_joshi0@rediffmail.com,Mohan Joshi,2,728.3,2025-11-19,Ahmedabad,yes
jayakhanna2@outlook.com,Jaya Khanna,0,0.0,2025-01-01,Hyderabad,yes
divya_khan3@outlook.com,Divya Khan,1,307.31,2025-10-25,Indore,yes
rohan.kapoor4@yahoo.com,rohan kapoor,8,5232.67,2024-11-22,Kolkata,no
sanjay.krishnan5@yahoo.com,sanjay krishnan,1,557.2,2025-11-09,Indore,yes
rakesh.reddy6@rediffmail.com,Rakesh Reddy,0,0.0,2024-11-16,Pune,yes
vikramkhanna7@rediffmail.com,Vikram Khanna,1,411.74,2025-10-30,Mumbai,yes
sanjayiyer9@yahoo.com,sanjay iyer,4,2329.66,2026-01-22,Mumbai,yes
sushma_mishra10@yahoo.com,Sushma Mishra,4,2797.77,2025-07-25,Hyderabad,yes
ashokhussain11@yahoo.com,ashok hussain,5,2244.74,2025-07-10,Kolkata,yes
ashok_kapoor12@gmail.com,Ashok Kapoor,14,4981.61,2026-04-05,Jaipur,no
bhavanapillai13@gmail.com,Bhavana Pillai,0,0.0,2024-09-01,Kochi,yes
kunalmehta15@yahoo.com,Kunal Mehta,4,1423.52,2026-05-01,Hyderabad,yes
latha.ali21@hotmail.com,Latha Ali,0,0.0,2026-04-08,Bengaluru,no
amitbhat22@rediffmail.com,Amit Bhat,3,1070.69,2024-10-09,Hyderabad,yes
prakashnaidu23@hotmail.com,Prakash Naidu,15,9545.42,2025-12-27,Chennai,yes
faisalpatel24@rediffmail.com,Faisal P.,0,0.0,2024-11-21,Delhi,no
neha_roy25@yahoo.com,Neha Roy,19,9816.67,2025-10-17,Surat,yes
hemantsaxena26@hotmail.com,Hemant Saxena,0,0.0,2025-09-24,Surat,yes
saurabhmukherjee27@yahoo.com,Saurabh Mukherjee,0,0.0,2026-01-13,Bengaluru,yes
nisha.das30@gmail.com,Nisha Das,4,1514.13,2025-01-15,Noida,yes
madhuritrivedi32@hotmail.com,M. Trivedi,1,680.75,2024-12-02,Delhi,yes
nitin_saxena35@rediffmail.com,nitin saxena,7,3595.27,2024-11-10,Mumbai,yes
naveen_patel36@outlook.com,Naveen Patel,0,0.0,2024-08-03,Noida,yes
adityasheikh37@rediffmail.com,A. Sheikh,2,703.52,2026-02-27,Jaipur,no
yashgupta42@rediffmail.com,Yash Gupta,8,5582.51,2025-08-26,Surat,yes
deepak_kumar43@rediffmail.com,Deepak Kumar,4,1954.27,2025-01-02,Noida,yes
rahulsaxena45@yahoo.com,R. Saxena,17,9988.12,2024-07-31,Hyderabad,yes
shreya.saxena46@outlook.com,Shreya Saxena,1,600.67,2024-07-10,Jaipur,yes
kiran.subramanian48@yahoo.com,Kiran Subramanian,9,4309.72,2025-03-31,Surat,yes
trisha.desai49@gmail.com,Trisha Desai,1,660.28,2026-03-15,Mumbai,yes
tarun_banerjee51@rediffmail.com,Tarun Banerjee,14,5684.88,2025-08-18,Surat,yes
ananay.yadav52@outlook.com,Ananya Yadav,7,2712.29,2025-12-19,Bengaluru,yes
prakashtrivedi53@outlook.com,Prakash Trivedi,11,5116.24,2026-04-27,Indore,yes
pooja_hussain56@outlook.com,Pooja Hussain,2,1085.99,2025-04-28,Bengaluru,yes
madhuri.naidu57@yahoo.com,Madhuri Naidu,1,593.1,2025-10-04,Chennai,yes
zarbaansal59@outlook.com,Zara Bansal,6,2031.85,2025-04-16,Kochi,yes
riya_shah60@gmail.com,Riya Shah,6,2578.32,2026-01-09,Delhi,no
deepak.kapoor61@hotmail.com,Deepak Kapoor,9,4729.02,2024-10-25,Surat,no
tarun.banerjee62@rediffmail.com,Tarun Banerjee,1,618.25,2025-04-25,Mumbai,no
sushmachatterjee63@hotmail.com,Sushma Chatterjee,11,4325.06,2025-12-07,Indore,no
anil.agarwal66@hotmail.com,Anil Agarwal,12,4646.55,2024-06-21,Pune,yes
geeta.pillai67@hotmail.com,Geeta Pillai,1,299.08,2025-06-02,Hyderabad,yes
akash.hussain69@hotmail.com,Akash Hussain,6,1726.94,2024-10-21,Mumbai,yes
geetaali70@gmail.com,G. Ali,2,936.7,2026-03-19,Gurugram,yes
tarun_qureshi71@outlook.com,Tarun Qureshi,3,2010.7,2024-08-03,Mumbai,no
gaurav.chatterjee77@rediffmail.com,Gaurav Chatterjee,5,3449.63,2025-09-14,Jaipur,yes
rahulhussain79@yahoo.com,Rahul H.,9,4694.08,2026-03-10,Ahmedabad,no
divyashah81@outlook.com,D. Shah,7,2057.31,2025-07-11,Gurugram,yes
naveen.subramanian82@yahoo.com,Naveen Subramanian,2,1321.12,2025-03-16,Ahmedabad,yes
nisha.sheikh85@yahoo.com,Nisha S.,7,2607.73,2025-05-31,Noida,yes
siddharthpatle86@outlook.com,Siddharth Patel,11,5478.87,2026-03-04,Chennai,yes
priya_reddy87@outlook.com,Priya Reddy,5,1426.45,2025-08-15,Indore,no
kunal.banerjee89@gmail.com,Kunal Banerjee,2,1404.51,2026-01-21,Kolkata,yes
rashmi.rao91@yahoo.com,R. Rao,2,1137.45,2025-01-25,Ahmedabad,no
riya.nair92@hotmail.com,Riya Nair,0,0.0,2025-02-26,Delhi,yes
naveennair93@rediffmail.com,Naveen Nair,5,3400.0,2025-09-06,Surat,yes
tarasaxena94@rediffmail.com,Tara Saxena,22,14878.83,2024-11-30,Chennai,yes
amit.banerjee95@outlook.com,A. Banerjee,17,9332.94,2025-07-16,Hyderabad,yes
ananyanair97@gmail.com,Ananya Nair,8,4397.71,2025-06-16,Chennai,no
aarti_singh98@hotmail.com,Aarti Singh,1,498.38,2024-07-16,Surat,yes
aarti.sharma100@outlook.com,Aarti S.,0,0.0,2024-09-24,Jaipur,yes
zarasheikh101@rediffmail.com,Zara Sheikh,2,831.49,2025-02-19,Mumbai,yes
arjunahmed103@rediffmail.com,Arjun Ahmed,2,1067.54,2024-09-07,Delhi,yes
divya.pillai104@rediffmail.com,Divya Pillai,4,1167.42,2025-02-04,Surat,yes
tarun_sharma106@rediffmail.com,Tarun Sharma,1,308.42,2025-12-10,Chandigarh,no
neh_anair107@yahoo.com,Neha Nair,1,588.35,2025-04-15,Pune,yes
abhishekpillai108@gmail.com,Abhishek Pillai,8,2854.34,2025-07-18,Chandigarh,yes
faisal_reddy110@gmail.com,Faisal Reddy,1,367.47,2025-05-17,Chennai,yes
rajesh_malhotra113@gmail.com,R. Malhotra,0,0.0,2024-07-22,Kochi,yes
tarunali116@gmail.com,Tarun Ali,0,0.0,2025-11-15,Bengaluru,yes
imran.pillai118@outlook.com,imran pillai,4,2472.8,2025-08-27,Gurugram,no
abhishek_naidu122@hotmail.com,Abhishek Naidu,1,545.25,2024-12-10,Bengaluru,yes
faisal_pandey123@yahoo.com,Faisal Pandey,5,1936.41,2024-10-18,Kochi,yes
akash.khanna124@gmail.com,Akash Khanna,8,3433.36,2024-11-16,Indore,yes
sushmadesai126@hotmail.com,Sushma Desai,19,6987.97,2024-07-20,Kolkata,yes
swatimalhotra127@gmail.com,Swati Malhotra,0,0.0,2025-12-25,Bengaluru,no
smita.tiwari128@gmail.com,Smita Tiwari,3,1596.45,2024-08-31,Surat,yes
pratiksha_reddy129@yahoo.com,Pratiksha Reddy,7,3870.95,2025-01-07,Pune,yes
bhavana_malhotra130@yahoo.com,Bhavana Malhotra,4,1158.95,2024-10-18,Surat,yes
trisha.singh131@hotmail.com,Trisha Singh,8,2304.02,2025-11-05,Surat,yes
mohan.verma132@gmail.com,Mohan V.,12,6551.74,2025-07-27,Chandigarh,yes
sapna.verma133@yahoo.com,Sapna Verma,6,3186.25,2024-11-17,Delhi,yes
sanjay_chatterjee134@gmail.com,Sanjay Chatterjee,16,7489.17,2025-02-10,Bengaluru,no
mohanal1i36@gmail.com,Mohan Ali,4,1201.4,2024-06-27,Jaipur,yes
sonia_khanna137@yahoo.com,Sonia Khanna,4,2185.68,2024-12-31,Pune,no
suresh_trivedi138@hotmail.com,suresh trivedi,0,0.0,2026-02-25,Mumbai,yes
sonia.sheikh140@hotmail.com,Sonia S.,10,3583.3,2024-06-20,Jaipur,yes
tanyadas142@outlook.com,Tanya Das,7,4450.46,2025-05-31,Indore,no
ananya.saxena143@rediffmail.com,Ananya Saxena,3,1721.92,2025-02-12,Chandigarh,yes
aditya_mishra145@outlook.com,Aditya Mishra,5,3079.82,2025-08-07,Jaipur,yes
faisalbose147@rediffmail.com,Faisal Bose,4,2214.05,2025-05-08,Bengaluru,yes
harish_agarwal148@yahoo.com,Harish Agarwal,16,4713.34,2024-11-03,Chandigarh,yes
deepak.sheikh149@hotmail.com,Deepak Sheikh,14,3930.04,2024-10-20,Chandigarh,yes
riya_hussain150@yahoo.com,Riya H.,7,4965.37,2024-12-16,Jaipur,yes
prakash_das151@gmail.com,Prakash Das,3,1588.01,2024-08-11,Indore,yes
pooja_malhotra152@gmail.com,Pooja M.,0,0.0,2026-02-19,Chennai,yes
pratiksha_khanna155@rediffmail.com,Pratiksha Khanna,1,433.02,2026-02-11,Jaipur,yes
ishitaqureshi156@hotmail.com,Ishita Qureshi,13,7542.9,2025-04-15,Jaipur,yes
deepaktrivedi157@gmail.com,Deepak Trivedi,0,0.0,2025-04-14,Jaipur,yes
latha.menon158@hotmail.com,Latha M.,0,0.0,2025-10-19,Chennai,yes
rajeshgupta159@gmail.com,R. Gupta,14,4933.64,2026-04-11,Hyderabad,yes
abhishek_patel161@rediffmail.com,Abhishek Patel,10,7162.08,2025-03-25,Chandigarh,yes
abhishekbansal162@gmail.com,Abhishek Bansal,7,2783.45,2025-10-04,Surat,yes
ritu_trivedi163@hotmail.com,Ritu Trivedi,11,4900.56,2026-04-10,Ahmedabad,yes
vinay.gupta164@rediffmail.com,Vinay Gupta,4,1788.75,2025-05-06,Kochi,yes
omarpatel166@hotmail.com,O. Patel,9,2990.21,2026-04-06,Indore,yes
omar_joshi167@rediffmail.com,Omar J.,0,0.0,2025-10-20,Mumbai,yes
komal.rao170@rediffmail.com,Komal Rao,11,3297.08,2025-01-01,Delhi,no
tarunnaidu172@outlook.com,tarun naidu,2,1012.1,2025-05-15,Gurugram,yes
irman_qureshi176@hotmail.com,Imran Q.,1,496.2,2024-11-16,Delhi,yes
aishwarya_choudhary178@yahoo.com,Aishwarya Choudhary,1,456.05,2024-09-03,Delhi,yes
ritu_joshi180@gmail.com,Ritu Joshi,1,573.6,2026-01-10,Chandigarh,yes
amit.patel182@rediffmail.com,Amit Patel,5,1969.78,2026-03-24,Mumbai,yes
nehakumar183@hotmail.com,Neha Kumar,24,7905.3,2025-12-02,Surat,yes
sonia_joshi184@outlook.com,Sonia Joshi,4,2117.11,2025-04-12,Jaipur,yes
omar.khanna185@gmail.com,Omar Khanna,2,1119.4,2025-09-19,Mumbai,yes
sureshsharma186@hotmail.com,Suresh Sharma,0,0.0,2024-10-20,Chandigarh,no
madhuri_sharma189@rediffmail.com,Madhuri Sharma,5,3427.99,2026-02-04,Indore,yes
harish.singh190@yahoo.com,H. Singh,3,1087.99,2024-08-02,Ahmedabad,no
anjali.banerjee191@hotmail.com,anjali banerjee,5,1428.07,2025-01-17,Gurugram,yes
nehadas193@yahoo.com,Neha Das,0,0.0,2025-12-15,Surat,no
tarun_gupta194@outlook.com,T. Gupta,8,5390.34,2025-06-19,Chandigarh,yes
gaurav.snigh195@outlook.com,G. Singh,0,0.0,2025-12-29,Kochi,yes
prakashsubramanian196@rediffmail.com,Prakash Subramanian,0,0.0,2026-05-02,Pune,yes
yash.verma198@rediffmail.com,Yash Verma,17,11707.25,2026-02-16,Bengaluru,yes
tanya_ahme1d99@rediffmail.com,Tanya Ahmed,0,0.0,2026-02-03,Chandigarh,yes
rohit.trivedi200@hotmail.com,R. Trivedi,2,751.49,2026-02-16,Surat,yes
pratiksha.shah202@gmail.com,Pratiksha Shah,5,1471.71,2024-11-01,Kochi,no
riyakapoor203@yahoo.com,Riya Kapoor,0,0.0,2026-03-21,Indore,yes
prakashtiwari204@rediffmail.com,Prakash Tiwari,0,0.0,2025-01-23,Jaipur,yes
sanjaychatterjee205@outlook.com,Sanjay Chatterjee,4,1868.78,2025-11-27,Pune,yes
harish.bansal206@yahoo.com,H. Bansal,0,0.0,2024-11-08,Kolkata,yes
nitin.rao207@outlook.com,Nitin Rao,5,2927.06,2026-02-25,Bengaluru,yes
sapna_rao209@rediffmail.com,Sapna Rao,0,0.0,2025-06-03,Jaipur,yes
neha_khanna212@gmail.com,Neha Khanna,5,1520.5,2024-09-20,Pune,no
arjunmalhotra214@yahoo.com,arjun malhotra,20,8681.34,2025-11-30,Chennai,no
kavyachatterjee215@outlook.com,Kavya Chatterjee,5,2696.96,2024-10-30,Noida,yes
sushma.iyer216@yahoo.com,Sushma Iyer,0,0.0,2026-04-25,Delhi,yes
ritu.bose218@rediffmail.com,Ritu Bose,1,484.45,2026-02-26,Kochi,no
tarunbansal219@outlook.com,Tarun Bansal,1,451.73,2025-12-25,Kolkata,no
siddharth_verma221@hotmail.com,Siddharth Verma,5,2920.41,2025-05-27,Chandigarh,yes
jaya_nair222@outlook.com,Jaya Nair,8,2857.62,2024-07-23,Delhi,no
aditya.krishnan223@gmail.com,Aditya Krishnan,14,4958.85,2026-05-08,Jaipur,yes
anil.mehta225@gmail.com,Anil Mehta,6,3351.15,2025-03-14,Kochi,yes
smitakapoor226@rediffmail.com,Smita Kapoor,0,0.0,2024-07-25,Chennai,yes
ananyaali227@gmail.com,Ananya Ali,9,3334.52,2024-08-23,Indore,yes
akash.sheikh228@rediffmail.com,Akash Sheikh,3,849.86,2025-08-13,Chandigarh,yes
tara.ahmed229@yahoo.com,Tara Ahmed,0,0.0,2025-02-27,Indore,no
nishaqureshi230@gmail.com,Nisha Qureshi,2,1206.55,2025-09-10,Kolkata,yes
ananya_qureshi231@gmail.com,Ananya Qureshi,9,3913.65,2025-10-19,Gurugram,yes
zara.bansal233@rediffmail.com,Zara Bansal,0,0.0,2025-03-14,Pune,no
vikrammenon235@outlook.com,V. Menon,20,8793.95,2025-04-18,Chandigarh,no
sandeep_joshi236@outlook.com,sandeep joshi,0,0.0,2026-03-01,Mumbai,no
naveenmishra237@rediffmail.com,Naveen M.,19,5582.4,2024-08-02,Kochi,no
rakesh_iyer239@yahoo.com,Rakesh Iyer,8,3504.06,2025-02-22,Delhi,yes
adityaagarwal240@yahoo.com,Aditya Agarwal,0,0.0,2025-12-04,Hyderabad,no
rashmikapoor243@outlook.com,R. Kapoor,4,2409.0,2025-05-20,Kochi,yes
latha.patel244@gmail.com,Latha Patel,4,1329.51,2025-06-13,Kolkata,yes
nikhil_khanna246@yahoo.com,Nikhil Khanna,8,2410.46,2025-04-01,Kolkata,yes
karthik.yadav247@hotmail.com,Karthik Yadav,1,411.32,2025-01-10,Surat,yes
tara.ali248@gmail.com,Tara Ali,11,4879.55,2024-06-28,Bengaluru,yes
gauravsubramanian249@yahoo.com,Gaurav Subramanian,1,698.69,2025-02-28,Bengaluru,yes
rekha.qureshi250@hotmail.com,Rekha Q.,8,4293.04,2025-09-27,Delhi,yes
sureshmenon251@rediffmail.com,Suresh Menon,4,1896.58,2026-01-21,Surat,yes
tara.krishnan252@yahoo.com,Tara K.,3,1931.04,2024-09-06,Pune,yes
sapna.malhotra254@hotmail.com,Sapna Malhotra,12,4801.61,2024-07-30,Gurugram,yes
madhuri_bhat257@outlook.com,Madhuri Bhat,4,1971.45,2025-01-19,Gurugram,yes
gaurav_ahmed259@yahoo.com,Gaurav Ahmed,8,2839.16,2025-12-29,Kochi,no
pranav.gupta262@hotmail.com,Pranav G.,13,8925.92,2025-10-05,Surat,yes
rashmi_mukherjee264@hotmail.com,R. Mukherjee,15,4536.74,2026-03-30,Ahmedabad,yes
geetaroy267@rediffmail.com,Geeta Roy,14,8294.38,2025-12-10,Surat,yes
mohan_malhotra269@yahoo.com,Mohan Malhotra,2,710.12,2024-12-04,Ahmedabad,no
rahul_roy271@rediffmail.com,R. Roy,0,0.0,2025-10-08,Delhi,yes
smitashah273@yahoo.com,Smita Shah,0,0.0,2025-08-01,Chandigarh,yes
geetaahmed277@hotmail.com,Geeta Ahmed,3,2024.77,2025-06-01,Delhi,yes
megha_mukherjee279@outlook.com,Megha Mukherjee,4,2352.52,2024-09-11,Kolkata,yes
anjaliagarwal280@gmail.com,Anjali Agarwal,16,10717.22,2025-10-24,Ahmedabad,no
prakash.rao281@rediffmail.com,Prakash Rao,1,310.04,2025-11-13,Chennai,yes
omar.ali282@rediffmail.com,Omar Ali,9,5487.83,2024-12-15,Jaipur,yes
pallavisingh283@hotmail.com,Pallavi Singh,8,5530.41,2025-08-03,Ahmedabad,yes
anjalipillai285@hotmail.com,Anjali Pillai,5,2423.99,2025-01-13,Noida,no
sanjay.sen290@outlook.com,Sanjay Sen,0,0.0,2025-03-16,Kolkata,yes
pranav.pandey291@outlook.com,Pranav Pandey,6,3751.63,2026-04-24,Noida,no
rit_usaxena292@yahoo.com,Ritu Saxena,2,815.71,2025-03-14,Mumbai,yes
kiran_desai923@outlook.com,Kiran Desai,0,0.0,2024-06-23,Gurugram,yes
meeragupta295@rediffmail.com,Meera G.,13,6350.62,2024-10-13,Hyderabad,no
ritu.sharma296@gmail.com,Ritu Sharma,10,6655.47,2024-08-25,Kolkata,yes
kunal_trivedi300@yahoo.com,Kunal Trivedi,1,393.91,2025-08-08,Hyderabad,yes
komal.sharma301@yahoo.com,Komal S.,3,2039.29,2025-03-08,Kochi,yes
mohan_naidu302@hotmail.com,Mohan Naidu,16,11506.71,2024-08-16,Ahmedabad,yes
kiran.das303@rediffmail.com,Kiran Das,0,0.0,2024-07-12,Chandigarh,yes
aliyasharm3a05@rediffmail.com,Aliya Sharma,8,4513.39,2025-01-22,Kolkata,no
sushma_pillai306@hotmail.com,Sushma Pillai,1,414.78,2024-11-20,Hyderabad,yes
karthik.trivedi308@hotmail.com,Karthik Trivedi,22,6922.34,2026-04-21,Chennai,no
sandeepbhat309@rediffmail.com,Sandeep Bhat,5,2853.06,2025-08-23,Bengaluru,yes
ishitaquershi310@hotmail.com,I. Qureshi,0,0.0,2025-12-14,Jaipur,no
neha_kumar311@hotmail.com,Neha Kumar,0,0.0,2025-08-21,Hyderabad,yes
harishkhanna312@gmail.com,Harish Khanna,0,0.0,2026-05-01,Chandigarh,yes
rohit.malhotra313@outlook.com,Rohit Malhotra,3,1590.18,2025-11-05,Kolkata,yes
suresh_patel314@yahoo.com,Suresh Patel,13,3865.33,2024-11-24,Gurugram,yes
priyakhan315@yahoo.com,Priya Khan,13,4100.38,2025-05-22,Pune,yes
rahul.yadav317@gmail.com,Rahul Yadav,9,6148.29,2026-01-09,Surat,yes
vinay_mehta318@yahoo.com,Vinay Mehta,15,5408.63,2024-08-30,Chennai,yes
rahul.trivedi319@outlook.com,rahul trivedi,14,9412.3,2025-07-08,Chennai,no
sapna_reddy320@hotmail.com,Sapna Reddy,7,3213.4,2025-07-10,Pune,yes
meghasheikh321@outlook.com,Megha Sheikh,0,0.0,2024-10-11,Pune,yes
pranav.kumar323@outlook.com,Pranav Kumar,4,1491.25,2024-07-20,Surat,no
abhishek_khanna324@rediffmail.com,Abhishek Khanna,11,3509.71,2025-03-13,Kolkata,yes
megha.rao325@rediffmail.com,Megha R.,3,2046.5,2025-09-03,Mumbai,yes
pooja_mishra326@yahoo.com,Pooja Mishra,23,16402.36,2024-10-07,Surat,yes
tara_menon328@rediffmail.com,Tara Menon,3,1180.75,2024-10-04,Jaipur,yes
pooja.desai332@outlook.com,Pooja Desai,10,3777.25,2025-11-14,Kolkata,yes
mainsh_mehta333@gmail.com,Manish Mehta,0,0.0,2025-03-27,Chennai,no
arjun_subramanian334@outlook.com,Arjun Subramanian,13,4530.18,2025-05-27,Surat,yes
harish.malhotra335@outlook.com,Harish Malhotra,14,4260.05,2024-12-12,Kolkata,yes
meerajoshi336@rediffmail.com,Meera Joshi,0,0.0,2024-09-04,Kochi,yes
mohapnandey338@outlook.com,Mohan Pandey,8,3275.52,2025-01-20,Bengaluru,yes
neha_pillai339@gmail.com,Neha Pillai,3,1916.53,2024-11-24,Gurugram,yes
varun_mukherjee341@hotmail.com,varun mukherjee,0,0.0,2024-11-15,Indore,yes
vinaysingh343@hotmail.com,Vinay Singh,1,602.24,2024-06-30,Surat,no
priya.choudhary344@outlook.com,Priya Choudhary,10,6597.12,2024-09-13,Surat,yes
sandeep.naidu346@hotmail.com,Sandeep N.,2,952.96,2025-12-30,Surat,yes
anil.hussain347@rediffmail.com,anil hussain,5,1416.0,2024-07-27,Gurugram,no
geeta.naidu349@gmail.com,Geeta Naidu,0,0.0,2025-06-27,Ahmedabad,yes
meera_kapoor351@hotmail.com,Meera Kapoor,9,4277.6,2024-12-24,Surat,yes
rohitmenon352@yahoo.com,Rohit Menon,7,4937.31,2026-02-19,Mumbai,yes
sandeep_agarwal353@gmail.com,sandeep agarwal,2,1222.61,2025-12-13,Mumbai,yes
ritushah354@hotmail.com,Ritu S.,5,2242.48,2026-03-15,Delhi,yes
imransheikh358@hotmail.com,I. Sheikh,0,0.0,2024-10-19,Delhi,no
sushma_tiwari360@gmail.com,Sushma Tiwari,1,401.68,2024-08-08,Indore,yes
aarti_ahmed362@yahoo.com,Aarti Ahmed,0,0.0,2024-08-08,Bengaluru,no
amit.yadav365@rediffmail.com,Amit Yadav,1,324.35,2025-07-27,Chennai,no
anilkapoor366@hotmail.com,Anil Kapoor,0,0.0,2025-04-11,Ahmedabad,no
akash_naidu367@rediffmail.com,Akash Naidu,3,2072.5,2024-12-28,Mumbai,yes
tarunroy369@yahoo.com,Tarun Roy,8,3179.8,2026-02-01,Kochi,yes
ishitanaidu370@hotmail.com,ishita naidu,12,7734.71,2026-03-22,Kolkata,no
lakshmi.kumar372@yahoo.com,Lakshmi Kumar,6,2401.83,2025-04-16,Surat,yes
sushma.sen374@rediffmail.com,Sushma Sen,10,6682.22,2025-03-02,Ahmedabad,no
ayesha.khanna375@rediffmail.com,Ayesha Khanna,8,4209.36,2025-06-30,Delhi,yes
rohanverma376@outlook.com,rohan verma,1,301.29,2025-08-24,Mumbai,yes
nikhil.joshi377@yahoo.com,Nikhil Joshi,0,0.0,2024-12-22,Mumbai,no
sandeep_sen378@outlook.com,Sandeep Sen,5,3300.37,2025-02-08,Kochi,yes
ishitaagarwal385@rediffmail.com,Ishita Agarwal,4,2819.91,2024-09-22,Hyderabad,yes
geeta.bhat386@outlook.com,Geeta Bhat,4,2597.39,2026-01-10,Pune,yes
akash_agarwal388@hotmail.com,Akash Agarwal,0,0.0,2024-06-23,Hyderabad,yes
akash_khanna390@rediffmail.com,Akash Khanna,3,979.81,2025-12-02,Bengaluru,yes
jayanair391@rediffmail.com,Jaya Nair,6,2211.09,2025-11-22,Chandigarh,no
faiaslali392@rediffmail.com,Faisal Ali,0,0.0,2025-07-11,Indore,yes
tarun_qureshi393@outlook.com,Tarun Qureshi,6,3088.75,2025-06-29,Delhi,yes
ananya_shah396@yahoo.com,Ananya Shah,9,2625.68,2025-07-29,Mumbai,yes
mohantrivedi398@rediffmail.com,Mohan Trivedi,2,604.8,2026-02-04,Delhi,no
prakash_hussain399@hotmail.com,Prakash Hussain,5,2932.68,2024-12-01,Pune,yes
jayaagarwal400@rediffmail.com,Jaya Agarwal,6,3778.97,2025-05-23,Ahmedabad,yes
gauravsen401@yahoo.com,Gaurav S.,0,0.0,2025-10-08,Kochi,yes
varun.bansal402@yahoo.com,Varun Bansal,0,0.0,2026-02-21,Kochi,yes
mohanhussain403@hotmail.com,Mohan Hussain,12,6531.81,2025-03-04,Bengaluru,yes
vinay_agarwal406@hotmail.com,Vinay Agarwal,0,0.0,2025-12-10,Noida,yes
priyadas408@rediffmail.com,Priya Das,5,2771.66,2025-03-08,Indore,yes
bhavana_joshi409@hotmail.com,Bhavana Joshi,8,3704.11,2025-04-24,Chandigarh,yes
amit.naidu410@outlook.com,Amit Naidu,9,4327.44,2025-10-05,Jaipur,yes
divyatiwari411@gmail.com,Divya Tiwari,1,388.91,2026-04-08,Kochi,yes
pratiksha_gupta412@gmail.com,Pratiksha Gupta,9,5645.89,2024-11-15,Indore,yes
abhishekmehta415@rediffmail.com,A. Mehta,3,1560.05,2025-11-29,Noida,yes
sushma_rao416@yahoo.com,Sushma Rao,2,1272.09,2025-04-29,Ahmedabad,yes
anil_khan417@gmail.com,Anil Khan,8,2676.2,2024-09-13,Noida,yes
ananya_pillai422@yahoo.com,Ananya P.,8,3056.97,2026-04-15,Indore,no
deepak_malhotra424@hotmail.com,Deepak Malhotra,4,1321.32,2026-03-14,Bengaluru,yes
nitin_saxena425@yahoo.com,Nitin S.,0,0.0,2024-09-11,Delhi,no
kunal.joshi426@rediffmail.com,Kunal Joshi,3,1181.1,2024-08-23,Bengaluru,yes
rohan.shah427@outlook.com,Rohan Shah,11,3860.2,2024-08-06,Pune,yes
harish_baenrjee428@rediffmail.com,Harish Banerjee,4,1871.7,2024-12-13,Bengaluru,yes
ishita.ahmed429@rediffmail.com,I. Ahmed,0,0.0,2026-01-17,Bengaluru,yes
aarti.pandey430@rediffmail.com,Aarti Pandey,15,8471.96,2025-03-29,Noida,yes
varun.singh432@gmail.com,varun singh,5,2660.36,2025-06-25,Gurugram,yes
yash.kumar434@rediffmail.com,Yash Kumar,6,1961.81,2025-03-02,Ahmedabad,yes
rohit_malhotra435@hotmail.com,rohit malhotra,1,283.21,2026-02-28,Kolkata,no
rahul_pillai437@hotmail.com,Rahul P.,2,1120.03,2024-12-24,Bengaluru,no
kavyakrishnan438@gmail.com,Kavya Krishnan,0,0.0,2025-07-11,Surat,yes
aishwaryatrivedi439@hotmail.com,Aishwarya Trivedi,10,5169.51,2024-09-29,Chandigarh,yes
tarahussain440@outlook.com,Tara Hussain,12,6078.2,2026-01-24,Mumbai,yes
nisha.patel441@outlook.com,Nisha Patel,4,2102.61,2025-02-28,Kochi,yes
yash.subramanian442@outlook.com,Yash Subramanian,9,2539.48,2025-08-18,Indore,yes
sandeeptiwari444@yahoo.com,Sandeep T.,15,8082.66,2026-03-08,Gurugram,yes
sandeepjoshi445@yahoo.com,Sandeep J.,3,1812.8,2025-05-03,Kochi,yes
meerachoudhary449@gmail.com,Meera Choudhary,4,2701.46,2025-12-17,Chennai,yes
yash.khanna450@hotmail.com,Yash Khanna,10,6723.37,2025-05-01,Indore,yes
vikram_desai451@gmail.com,Vikram Desai,0,0.0,2024-12-11,Indore,yes
pranavhussain452@hotmail.com,pranav hussain,2,1201.66,2025-09-14,Bengaluru,yes
vikram.pillai453@hotmail.com,Vikram Pillai,1,522.65,2026-01-21,Pune,no
meerasubramanian454@gmail.com,Meera Subramanian,0,0.0,2024-10-30,Gurugram,yes
vikram.krisnhan456@outlook.com,Vikram K.,24,9122.54,2024-07-07,Jaipur,yes
priya.kapoor458@outlook.com,Priya Kapoor,19,9572.84,2025-02-09,Ahmedabad,yes
naveen.ali461@rediffmail.com,Naveen Ali,4,1673.98,2024-09-05,Noida,yes
ishtia_tiwari462@hotmail.com,Ishita Tiwari,9,5370.41,2026-03-16,Kochi,yes
rakeshshah466@yahoo.com,Rakesh S.,6,2510.29,2025-11-26,Delhi,yes
snehasingh469@outlook.com,Sneha Singh,4,1820.7,2025-06-28,Surat,yes
ananyayadav471@hotmail.com,Ananya Yadav,2,1132.16,2025-04-19,Kolkata,yes
shreyasubramanian472@outlook.com,Shreya Subramanian,6,3556.05,2025-06-06,Surat,yes
hemantkumar473@yahoo.com,hemant kumar,16,9713.18,2025-03-28,Kolkata,yes
karthik.iyer447@yahoo.com,Karthik Iyer,1,654.62,2026-03-23,Kolkata,no
varun_chatterjee477@gmail.com,Varun Chatterjee,0,0.0,2025-04-30,Chennai,yes
sandeep.roy478@yahoo.com,Sandeep Roy,3,1065.59,2024-08-22,Bengaluru,yes
amit_khan480@gmail.com,Amit Khan,3,1185.5,2026-01-20,Surat,yes
sneha.malhotra482@hotmail.com,Sneha Malhotra,0,0.0,2024-11-14,Noida,yes
aishwaryanair483@rediffmail.com,aishwarya nair,5,2886.69,2024-06-21,Ahmedabad,yes
vinay_krishnan484@yahoo.com,vinay krishnan,4,2186.84,2025-04-02,Kolkata,yes
aishwarya_ali486@rediffmail.com,Aishwarya A.,4,1551.3,2024-10-22,Delhi,yes
rajesh.singh487@outlook.com,Rajesh Singh,1,562.57,2024-12-01,Pune,no
anilbhat488@rediffmail.com,Anil Bhat,3,1931.74,2025-01-05,Noida,yes
neha_subramanian489@outlook.com,Neha Subramanian,5,1650.66,2026-01-23,Bengaluru,yes
amitahmed490@rediffmail.com,Amit Ahmed,9,4660.35,2025-12-14,Noida,yes
ayesharoy491@yahoo.com,Ayesha Roy,12,3645.29,2026-04-01,Hyderabad,no
sushma_yadav492@yahoo.com,Sushma Y.,1,367.84,2026-04-13,Kolkata,yes
kavya.shah495@outlook.com,Kavya Shah,6,2560.91,2024-06-29,Kolkata,yes
tara.nair496@hotmail.com,T. Nair,2,988.34,2025-07-18,Jaipur,yes
rekhachoudhary497@hotmail.com,rekha choudhary,2,922.07,2025-11-23,Surat,yes
akashmukherjee499@hotmail.com,Akash Mukherjee,1,365.23,2025-02-25,Kochi,yes
aliyamishra500@gmail.com,Aliya Mishra,11,5832.51,2025-10-13,Surat,yes
ajrun_kapoor502@hotmail.com,Arjun Kapoor,14,9981.85,2025-03-23,Kochi,yes
manishmukherjee503@rediffmail.com,Manish Mukherjee,12,6381.94,2025-05-16,Surat,yes
pallaviahmed504@gmail.com,Pallavi A.,1,654.89,2024-10-05,Indore,yes
abhishektrivedi505@outlook.com,Abhishek Trivedi,2,723.41,2026-04-07,Surat,yes
smita_tiwari506@yahoo.com,S. Tiwari,0,0.0,2024-08-12,Ahmedabad,no
bhavana_nair508@yahoo.com,Bhavana Nair,0,0.0,2026-01-24,Surat,yes
meera_khanna509@yahoo.com,Meera Khanna,11,5588.3,2024-11-13,Gurugram,yes
akash.mishra510@outlook.com,Akash Mishra,9,3521.69,2025-10-06,Mumbai,no
sanjay_kmuar511@rediffmail.com,Sanjay Kumar,1,293.86,2026-03-28,Kolkata,yes
varuniyer512@hotmail.com,varun iyer,3,2093.17,2025-03-31,Hyderabad,no
varunsharma513@hotmail.com,Varun Sharma,9,5402.3,2025-04-26,Pune,yes
aditya.mukherjee515@outlook.com,Aditya Mukherjee,0,0.0,2025-02-18,Chennai,yes
swati.iyer516@outlook.com,Swati Iyer,4,2086.95,2026-02-05,Surat,no
hemant.mishra517@outlook.com,Hemant Mishra,0,0.0,2024-11-06,Delhi,yes
trisha.menon518@outlook.com,Trisha Menon,10,6420.76,2025-09-30,Hyderabad,yes
harish_tiwari519@outlook.com,Harish Tiwari,6,4094.63,2024-08-16,Gurugram,yes
jayakrishnan521@gmail.com,Jaya Krishnan,1,676.39,2025-10-08,Mumbai,yes
pallavi.choudhary523@rediffmail.com,Pallavi Choudhary,4,1466.01,2024-09-28,Pune,yes
geetakumar525@outlook.com,Geeta Kumar,8,5334.34,2025-05-07,Mumbai,yes
riyanaidu526@outlook.com,Riya Naidu,0,0.0,2024-12-11,Gurugram,yes
abhishek_agarwal528@outlook.com,Abhishek Agarwal,9,4412.17,2025-03-31,Jaipur,no
bhavanaqureshi530@outlook.com,Bhavana Qureshi,19,13487.34,2025-05-02,Chennai,yes
rohan_kumar531@rediffmail.com,rohan kumar,4,1404.26,2025-02-22,Indore,yes
meghapandey532@hotmail.com,Megha Pandey,16,10367.35,2025-12-24,Chandigarh,yes
sneha.iyer533@yahoo.com,Sneha Iyer,6,3578.64,2024-07-11,Gurugram,yes
anil_reddy534@hotmail.com,Anil Reddy,23,10752.51,2024-06-27,Kochi,yes
neha.shah536@outlook.com,Neha Shah,8,2863.76,2024-08-23,Indore,yes
gauravkhanna537@hotmail.com,Gaurav Khanna,0,0.0,2024-07-12,Pune,yes
latha_pandey538@hotmail.com,latha pandey,0,0.0,2024-07-15,Noida,no
latha.agarawl539@hotmail.com,L. Agarwal,5,3179.35,2025-10-31,Hyderabad,no
priya_bose540@outlook.com,Priya Bose,1,327.95,2025-06-20,Ahmedabad,yes
naveen_sen542@hotmail.com,Naveen Sen,12,7483.33,2024-08-17,Chennai,yes
sapna_pillai543@rediffmail.com,Sapna Pillai,22,15814.13,2025-04-23,Noida,yes
sonia_saxena544@hotmail.com,Sonia Saxena,7,4932.49,2025-08-29,Mumbai,yes
rakesh_menon545@yahoo.com,Rakesh M.,1,487.47,2025-12-14,Chandigarh,no
karthik.sen546@yahoo.com,Karthik S.,11,7271.28,2026-01-28,Indore,no
ashok.chatterjee548@yahoo.com,Ashok C.,0,0.0,2026-05-05,Kochi,yes
akash_bhat549@gmail.com,Akash Bhat,1,470.15,2026-01-13,Pune,no
pallavi_chatterjee551@hotmail.com,Pallavi Chatterjee,3,2099.21,2024-06-23,Kochi,no
saurabh.qureshi552@gmail.com,Saurabh Qureshi,7,2720.06,2025-12-10,Kochi,yes
aishwaryaverma555@outlook.com,Aishwarya Verma,11,7152.32,2025-05-02,Chennai,yes
aliyakumar556@gmail.com,Aliya Kumar,0,0.0,2025-04-14,Hyderabad,yes
ayeshaagarwal558@outlook.com,Ayesha Agarwal,1,547.58,2026-04-05,Jaipur,yes
zara.patel559@outlook.com,Zara Patel,4,2602.95,2025-01-11,Chandigarh,no
aarti_menon560@rediffmail.com,Aarti Menon,6,2778.4,2025-12-24,Noida,yes
sureshtiwari561@outlook.com,Suresh Tiwari,3,1633.76,2026-04-11,Chennai,no
priyabanerjee562@rediffmail.com,Priya Banerjee,2,1202.57,2025-09-16,Hyderabad,yes
ashasaxena568@outlook.com,Asha Saxena,12,5361.34,2025-07-22,Mumbai,yes
adityachoudhary570@gmail.com,aditya choudhary,3,935.75,2025-10-01,Chennai,no
zara_iyer572@hotmail.com,Zara Iyer,13,7250.13,2025-02-19,Kolkata,yes
tarakhanna575@hotmail.com,Tara Khanna,9,6353.24,2025-10-22,Noida,yes
rahul_malhotra578@hotmail.com,Rahul Malhotra,1,516.93,2025-05-18,Pune,no
mnaishyadav579@gmail.com,Manish Yadav,4,1391.45,2024-11-04,Delhi,yes
nehajoshi582@yahoo.com,N. Joshi,29,10563.88,2025-05-22,Kochi,yes
rekha_iyer584@gmail.com,Rekha Iyer,0,0.0,2026-04-25,Mumbai,yes
vinayhussain585@gmail.com,Vinay Hussain,1,500.45,2026-04-15,Ahmedabad,yes
sneha.khanna586@gmail.com,Sneha Khanna,0,0.0,2024-10-09,Gurugram,yes
saurabhhussain587@hotmail.com,S. Hussain,0,0.0,2025-05-13,Kochi,yes
zarakhna590@yahoo.com,Zara Khan,4,1816.95,2025-09-20,Pune,no
tara.iyer592@outlook.com,Tara Iyer,0,0.0,2025-08-29,Chennai,no
amit.mukherjee593@rediffmail.com,Amit Mukherjee,0,0.0,2025-10-27,Chandigarh,no
sushmamukherjee594@hotmail.com,Sushma Mukherjee,1,370.12,2024-08-21,Bengaluru,no
rohantrivedi595@outlook.com,rohan trivedi,24,9161.78,2024-08-05,Indore,yes
omar_rao596@gmail.com,Omar Rao,3,1264.16,2025-01-15,Indore,no
riya.sharma598@outlook.com,Riya Sharma,0,0.0,2026-03-23,Indore,no
snehadesai599@hotmail.com,Sneha Desai,4,2263.97,2025-11-19,Ahmedabad,yes
bhavanapatel600@rediffmail.com,Bhavana Patel,7,2618.15,2025-04-26,Surat,yes
aditya.ahmed601@yahoo.com,Aditya Ahmed,2,991.24,2024-12-05,Kochi,yes
pooja_yadav602@rediffmail.com,Pooja Yadav,5,2086.2,2026-04-08,Ahmedabad,no
manish_joshi604@hotmail.com,Manish Joshi,0,0.0,2024-09-06,Pune,no
nisha_verma605@gmail.com,nisha verma,0,0.0,2025-04-07,Kochi,yes
pallavi_roy606@rediffmail.com,Pallavi Roy,0,0.0,2024-12-05,Jaipur,no
pratiksha.banerjee607@rediffmail.com,Pratiksha Banerjee,8,4636.77,2025-07-13,Jaipur,yes
yash_verma609@gmail.com,Yash V.,1,522.62,2024-08-29,Jaipur,yes
sapna.kapoor612@hotmail.com,Sapna K.,0,0.0,2025-04-15,Kolkata,yes
aliya_naidu613@yahoo.com,Aliya Naidu,4,2343.12,2024-11-10,Chennai,yes
divya_choudhary614@hotmail.com,Divya C.,3,2132.18,2026-03-08,Jaipur,yes
lathajoshi615@outlook.com,Latha Joshi,18,5473.61,2024-10-05,Ahmedabad,no
amit_gupta616@outlook.com,Amit Gupta,1,639.21,2024-08-01,Kochi,no
yash.chatterjee617@yahoo.com,Yash Chatterjee,0,0.0,2025-09-20,Kochi,yes
jaya_malhotra618@hotmail.com,Jaya Malhotra,13,8924.19,2025-10-23,Surat,yes
pallavi.agarwal621@rediffmail.com,Pallavi Agarwal,15,7759.74,2026-03-16,Pune,no
imrannair262@rediffmail.com,Imran Nair,3,1594.05,2024-07-29,Bengaluru,yes
sandeep_nair623@outlook.com,Sandeep Nair,1,673.62,2025-02-08,Indore,no
harishreddy624@rediffmail.com,Harish Reddy,10,5409.29,2025-02-14,Indore,no
siddharth.desai626@rediffmail.com,Siddharth Desai,9,2760.59,2025-01-24,Gurugram,yes
aditya_sharma627@gmail.com,Aditya Sharma,10,5914.65,2024-12-17,Hyderabad,yes
sushmaqureshi628@gmail.com,Sushma Qureshi,5,2216.11,2025-07-25,Indore,yes
pratikshabhat630@rediffmail.com,Pratiksha Bhat,2,622.75,2024-10-10,Indore,yes
hemantpillai631@rediffmail.com,Hemant Pillai,1,380.07,2025-03-16,Ahmedabad,no
geeta_mehta632@hotmail.com,Geeta M.,12,5915.49,2025-02-19,Delhi,yes
ananya_mehta633@hotmail.com,Ananya Mehta,0,0.0,2026-05-02,Jaipur,yes
aarti.choduhary634@hotmail.com,Aarti Choudhary,5,1816.52,2026-05-05,Delhi,yes
shreya_joshi635@gmail.com,S. Joshi,14,7720.98,2024-08-04,Gurugram,yes
sapna_mukherjee636@gmail.com,Sapna Mukherjee,5,2732.8,2026-03-31,Kochi,yes
vikram.mehta638@yahoo.com,Vikram M.,7,2910.79,2025-06-09,Bengaluru,no
riya.trivedi639@yahoo.com,Riya Trivedi,0,0.0,2025-04-15,Chennai,yes
vinay.agarwal640@yahoo.com,Vinay Agarwal,3,1596.73,2025-01-11,Bengaluru,yes
ananyapillai643@yahoo.com,Ananya Pillai,0,0.0,2025-02-28,Chandigarh,yes
mohankumar644@gmail.com,Mohan Kumar,0,0.0,2026-03-17,Chennai,yes
zara.choudhary646@rediffmail.com,zara choudhary,12,5938.1,2024-12-13,Hyderabad,yes
trishasaxena647@outlook.com,Trisha Saxena,13,7072.78,2025-01-02,Chandigarh,no
ashok.ahmed648@outlook.com,Ashok Ahmed,0,0.0,2025-12-18,Kolkata,yes
tanya_pandey649@outlook.com,Tanya Pandey,2,1288.81,2026-03-03,Hyderabad,yes
hemant_ahmed650@hotmail.com,Hemant Ahmed,2,1426.29,2024-09-05,Chennai,yes
pranaviyer651@hotmail.com,Pranav Iyer,13,7099.59,2025-08-10,Chandigarh,yes
nisha_krishnan654@yahoo.com,Nisha Krishnan,0,0.0,2024-11-13,Pune,yes
soniachatterjee655@hotmail.com,Sonia Chatterjee,18,12030.78,2025-03-26,Noida,yes
rohanpandey665@gmail.com,Rohan Pandey,19,8754.76,2025-06-05,Hyderabad,yes
sanjay.bhat657@outlook.com,Sanjay B.,19,11847.17,2025-12-03,Hyderabad,yes
swatitrivedi658@outlook.com,Swati Trivedi,6,2399.79,2024-11-19,Pune,yes
lathasen659@hotmail.com,Latha Sen,6,2457.48,2025-03-29,Indore,yes
manish.malhotra660@outlook.com,Manish Malhotra,0,0.0,2025-02-27,Kochi,no
gauarvdesai661@rediffmail.com,Gaurav Desai,3,1939.89,2024-10-30,Indore,no
rahul_roy662@rediffmail.com,Rahul Roy,1,325.4,2024-09-06,Noida,yes
kunalb.ose663@rediffmail.com,Kunal Bose,3,1542.04,2025-08-04,Pune,yes
harishpillai665@outlook.com,Harish P.,5,1876.09,2025-04-14,Surat,yes
tarunmukherjee667@hotmail.com,Tarun Mukherjee,7,2247.1,2024-10-05,Ahmedabad,yes
madhurichoudhary668@hotmail.com,Madhuri Choudhary,7,4903.04,2024-09-30,Ahmedabad,yes
arjunpandey670@hotmail.com,Arjun Pandey,5,3024.15,2025-10-27,Kolkata,yes
yash.joshi671@outlook.com,Yash Joshi,19,13303.29,2025-10-10,Indore,yes
meera.shah672@hotmail.com,Meera Shah,1,577.65,2024-08-25,Indore,yes
meera_choduhary675@yahoo.com,M. Choudhary,2,1125.82,2025-01-10,Surat,yes
sandeep_sen676@outlook.com,Sandeep Sen,7,3450.74,2025-09-19,Hyderabad,no
anjali_nair677@outlook.com,Anjali Nair,0,0.0,2025-09-09,Bengaluru,yes
tanya_qureshi678@rediffmail.com,Tanya Qureshi,1,335.93,2025-08-10,Pune,yes
kayva_khan679@hotmail.com,Kavya K.,2,908.18,2025-04-23,Kolkata,yes
mahesh.ahmed680@rediffmail.com,mahesh ahmed,15,4233.32,2026-01-04,Chennai,yes
karthikbansal683@rediffmail.com,K. Bansal,18,7524.53,2024-08-02,Ahmedabad,no
trisha.banerjee684@rediffmail.com,Trisha Banerjee,4,2339.98,2025-09-09,Jaipur,no
pranavpillai688@rediffmail.com,Pranav Pillai,2,1126.65,2025-01-11,Surat,yes
ashok.tiwari691@rediffmail.com,Ashok Tiwari,1,623.14,2025-12-19,Ahmedabad,yes
rashmi_mukherjee692@yahoo.com,Rashmi Mukherjee,0,0.0,2024-06-25,Mumbai,yes
maehshrao696@gmail.com,Mahesh Rao,16,5114.23,2026-04-20,Gurugram,no
kunal_plilai699@hotmail.com,Kunal Pillai,1,480.32,2025-11-19,Hyderabad,yes
pranavtiwari700@hotmail.com,P. Tiwari,3,1611.77,2025-03-24,Chandigarh,yes
sushmar.ao702@gmail.com,Sushma Rao,9,3749.32,2024-12-01,Gurugram,yes
pallavi.chatterjee703@outlook.com,Pallavi Chatterjee,0,0.0,2024-09-19,Chennai,yes
aditya.desai706@rediffmail.com,Aditya Desai,1,526.6,2025-01-13,Bengaluru,yes
ayesha_yadav707@gmail.com,ayesha yadav,0,0.0,2025-12-20,Indore,yes
arjun.qureshi708@hotmail.com,Arjun Qureshi,1,444.19,2024-10-08,Delhi,yes
ayeshashah712@yahoo.com,Ayesha S.,2,1210.39,2025-11-15,Mumbai,yes
ashokbose713@gmail.com,Ashok Bose,15,6076.63,2025-01-21,Kochi,yes
pratiksha_choudhary714@outlook.com,Pratiksha Choudhary,1,353.83,2024-08-26,Hyderabad,yes
imran_nair715@hotmail.com,Imran Nair,13,5674.33,2024-10-14,Chandigarh,yes
ayesha_reddy716@yahoo.com,Ayesha Reddy,2,915.06,2026-01-17,Delhi,yes
harish.reddy717@gmail.com,Harish Reddy,1,320.79,2025-03-15,Bengaluru,no
pranav_kapoor718@yahoo.com,Pranav Kapoor,2,1313.28,2025-07-22,Chennai,yes
faisal.sheikh719@rediffmail.com,Faisal Sheikh,3,1838.68,2025-08-03,Kochi,yes
ananya.verma720@hotmail.com,Ananya Verma,9,6069.75,2026-02-22,Kolkata,yes
nishasingh721@rediffmail.com,Nisha S.,0,0.0,2025-10-03,Kolkata,yes
nishashah723@outlook.com,Nisha Shah,5,2205.12,2025-10-25,Gurugram,yes
kiran_khan725@rediffmail.com,Kiran Khan,0,0.0,2025-10-21,Bengaluru,yes
sushmasaxena728@outlook.com,Sushma Saxena,11,7377.81,2024-07-31,Jaipur,yes
lathaagarwal729@gmail.com,Latha Agarwal,2,1262.86,2024-10-20,Indore,yes
ishita.roy730@outlook.com,Ishita Roy,0,0.0,2025-09-14,Delhi,yes
anil.bose731@hotmail.com,Anil Bose,0,0.0,2025-02-03,Hyderabad,yes
sushma_subramanian732@yahoo.com,Sushma Subramanian,14,9390.37,2025-11-16,Kochi,yes
meera_agarwal733@outlook.com,Meera Agarwal,0,0.0,2026-01-20,Surat,yes
aliyamishra734@yahoo.com,Aliya Mishra,4,2605.54,2024-09-21,Gurugram,yes
aditya.bose737@hotmail.com,Aditya Bose,1,686.8,2025-04-22,Kochi,yes
pallavipatel783@outlook.com,Pallavi Patel,10,4133.69,2024-12-16,Delhi,yes
kavya_naidu739@gmail.com,Kavya Naidu,13,8532.66,2025-07-24,Chandigarh,yes
priya.kahnna742@yahoo.com,priya khanna,4,1993.62,2026-04-08,Chandigarh,no
pallavi.bose745@yahoo.com,Pallavi Bose,9,3505.55,2024-12-30,Surat,yes
ayesha_pillai746@rediffmail.com,Ayesha Pillai,9,5713.68,2024-12-05,Pune,yes
pranav_mishra747@gmail.com,Pranav Mishra,3,1971.63,2025-03-05,Surat,yes
riya.yadav748@rediffmail.com,Riya Yadav,8,3792.72,2025-03-23,Hyderabad,yes
harish_bose750@yahoo.com,Harish Bose,0,0.0,2026-05-04,Chandigarh,yes
bhavana_ahmed751@yahoo.com,Bhavana Ahmed,10,3671.07,2024-11-02,Chennai,yes
karthik_sharma753@gmail.com,Karthik S.,0,0.0,2025-09-22,Noida,yes
maheshtrivedi754@outlook.com,mahesh trivedi,2,1003.39,2025-04-14,Chandigarh,yes
ritu.agarwal755@yahoo.com,R. Agarwal,7,2141.89,2024-07-13,Noida,yes
siddharth_banerjee756@outlook.com,Siddharth Banerjee,1,425.27,2024-11-02,Chennai,no
ananya.das757@hotmail.com,A. Das,7,4476.15,2025-03-30,Kolkata,yes
rajesh.nair758@hotmail.com,Rajesh Nair,2,1045.18,2024-12-07,Jaipur,yes
tarunpandey759@yahoo.com,Tarun Pandey,1,498.67,2025-06-08,Chandigarh,no
rohan_chatterjee760@gmail.com,Rohan Chatterjee,0,0.0,2025-07-13,Pune,yes
varun_sen761@outlook.com,Varun Sen,4,1151.42,2025-04-18,Surat,no
abhishek.sharma762@gmail.com,abhishek sharma,0,0.0,2024-07-21,Chandigarh,no
karthik.ali763@outlook.com,Karthik Ali,6,1693.96,2024-10-25,Delhi,no
anilroy764@outlook.com,Anil Roy,12,5779.3,2025-07-07,Chennai,yes
akashnaidu765@rediffmail.com,Akash Naidu,9,4354.91,2024-12-07,Ahmedabad,yes
kavya_malhotra767@yahoo.com,Kavya Malhotra,5,3455.75,2025-08-07,Pune,no
lakshmi_gupta768@rediffmail.com,Lakshmi Gupta,3,917.73,2025-05-16,Surat,no
yashbhat769@rediffmail.com,Yash Bhat,10,5649.9,2025-05-19,Chennai,yes
aishwaryaverma770@rediffmail.com,Aishwarya Verma,2,695.7,2025-09-08,Kolkata,yes
sandeepsaxena772@yahoo.com,Sandeep Saxena,6,3675.67,2025-11-04,Surat,no
aliya_roy775@rediffmail.com,Aliya Roy,2,897.65,2025-08-24,Surat,yes
madhuri.qureshi780@yahoo.com,Madhuri Qureshi,3,1320.63,2025-11-21,Ahmedabad,no
nikhil_shah781@yahoo.com,Nikhil S.,4,2590.79,2025-12-06,Kolkata,yes
swati.verma784@rediffmail.com,Swati Verma,0,0.0,2025-02-15,Hyderabad,yes
zara.malhotra785@yahoo.com,Zara Malhotra,20,12051.54,2025-04-15,Pune,yes
tarun.mehta788@hotmail.com,tarun mehta,7,3614.87,2025-07-15,Indore,yes
varunkapoor789@rediffmail.com,Varun Kapoor,1,348.22,2025-12-19,Mumbai,yes
aditya.pillai790@outlook.com,Aditya Pillai,4,1131.75,2025-01-27,Chandigarh,yes
abhishek.kapoor791@yahoo.com,abhishek kapoor,0,0.0,2026-01-16,Kolkata,yes
snehapillai792@yahoo.com,Sneha Pillai,1,537.7,2025-06-30,Chandigarh,yes
jaya_bhat794@hotmail.com,Jaya Bhat,5,3130.15,2025-08-13,Kochi,yes
rohankhanna795@gmail.com,Rohan Khanna,20,10371.07,2025-05-31,Chennai,yes
trishatrivedi796@gmail.com,trisha trivedi,14,6892.14,2024-11-11,Surat,no
rohan_yadav797@hotmail.com,Rohan Yadav,0,0.0,2025-04-19,Surat,yes
ritu.saxena799@rediffmail.com,Ritu Saxena,1,608.65,2026-04-12,Surat,no
vikram_qureshi800@rediffmail.com,Vikram Qureshi,2,1046.87,2026-02-22,Pune,yes
tara_roy801@outlook.com,Tara Roy,19,13183.69,2025-10-25,Kolkata,no
rekha_pillai804@hotmail.com,Rekha Pillai,5,1866.36,2025-06-04,Chandigarh,yes
ananya.desai805@yahoo.com,Ananya Desai,11,6379.9,2024-11-26,Noida,yes
deepak_bansal806@hotmail.com,Deepak Bansal,3,899.31,2026-01-14,Delhi,yes
nitin_agarwal807@hotmail.com,Nitin Agarwal,0,0.0,2024-11-04,Ahmedabad,yes
snehanaidu808@gmail.com,Sneha Naidu,8,3427.61,2025-10-15,Noida,yes
varun_mukherjee809@hotmail.com,Varun Mukherjee,11,5218.14,2024-10-28,Jaipur,yes
komal_subramanian810@yahoo.com,Komal Subramanian,26,9171.98,2024-08-22,Noida,yes
aartipillai811@rediffmail.com,aarti pillai,18,9994.38,2025-02-09,Surat,yes
megha.malhotra812@gmail.com,Megha Malhotra,1,604.23,2025-03-02,Jaipur,yes
akashpillai814@hotmail.com,Akash P.,0,0.0,2025-02-15,Chandigarh,no
jaya.malhotra815@hotmail.com,Jaya Malhotra,1,627.49,2025-07-25,Noida,yes
rakeshsharma816@outlook.com,Rakesh Sharma,6,3590.37,2025-03-14,Gurugram,yes
saurabh.qureshi819@rediffmail.com,Saurabh Qureshi,10,6610.18,2025-04-09,Chandigarh,yes
asha_patel820@outlook.com,Asha Patel,10,6974.28,2026-02-28,Pune,yes
anil_krishnan821@hotmail.com,Anil Krishnan,9,2915.13,2026-03-08,Bengaluru,no
anjali.bose823@outlook.com,Anjali Bose,2,1161.39,2024-08-25,Gurugram,no
riya_patel824@hotmail.com,Riya Patel,0,0.0,2025-01-16,Mumbai,yes
tanya.verma825@hotmail.com,T. Verma,8,5580.5,2025-03-27,Kolkata,yes
jaya.iyer826@yahoo.com,Jaya Iyer,12,7418.01,2025-01-16,Delhi,yes
pranavnaidu827@hotmail.com,Pranav Naidu,10,4888.29,2024-08-06,Hyderabad,no
madhuri.yadav828@outlook.com,Madhuri Yadav,0,0.0,2026-01-17,Delhi,yes
smitaagarwal830@rediffmail.com,Smita Agarwal,15,8057.17,2024-11-15,Hyderabad,yes
riyapatel831@gmail.com,Riya Patel,0,0.0,2024-10-01,Pune,yes
vikram_banerjee833@gmail.com,Vikram Banerjee,3,1073.58,2025-05-04,Chandigarh,yes
varun.mehta837@gmail.com,Varun Mehta,7,2918.77,2025-10-21,Hyderabad,yes
rohan_sheikh838@hotmail.com,Rohan Sheikh,11,5868.63,2024-12-12,Surat,yes
manishpillai839@outlook.com,Manish Pillai,1,625.99,2025-08-02,Kolkata,no
smitareddy840@yahoo.com,smita reddy,0,0.0,2025-12-21,Bengaluru,no
taurndas841@hotmail.com,Tarun Das,9,4268.82,2024-09-09,Pune,yes
zara_sen844@gmail.com,Zara Sen,16,4552.51,2025-11-27,Gurugram,no
pranavsharma846@yahoo.com,Pranav Sharma,2,1073.88,2025-07-15,Kolkata,yes
vinaynaidu850@yahoo.com,Vinay Naidu,0,0.0,2025-12-22,Pune,yes
vikramrao851@outlook.com,Vikram Rao,7,3697.88,2024-11-04,Indore,yes
ashokchoudhary852@rediffmail.com,Ashok Choudhary,7,5038.19,2024-10-24,Kochi,yes
ananya.pandey853@rediffmail.com,Ananya Pandey,7,4921.36,2025-05-15,Chennai,yes
mohan.bose854@outlook.com,Mohan Bose,10,4453.07,2024-12-25,Chennai,no
saurabh.desai856@yahoo.com,Saurabh Desai,0,0.0,2025-08-03,Kochi,yes
anjali_gupta857@hotmail.com,Anjali Gupta,7,4285.3,2025-04-10,Pune,yes
akashsaxena858@rediffmail.com,akash saxena,11,4847.72,2024-07-27,Chandigarh,yes
taratiwari859@gmail.com,Tara Tiwari,3,996.12,2024-10-25,Bengaluru,no
pranav_khanna862@hotmail.com,Pranav Khanna,4,1325.3,2026-03-05,Kochi,no
karthik.agarwal863@hotmail.com,Karthik Agarwal,1,330.69,2025-11-01,Chandigarh,yes
nitin.sen864@gmail.com,nitin sen,3,2087.35,2025-07-22,Indore,yes
rekhapatel865@rediffmail.com,Rekha Patel,2,1297.1,2024-08-29,Gurugram,no
smita.saxena866@gmail.com,Smita Saxena,12,5733.23,2026-03-09,Kochi,yes
manishpillai869@gmail.com,Manish Pillai,3,1193.65,2026-03-06,Jaipur,yes
komalali871@yahoo.com,Komal Ali,25,14571.3,2025-08-27,Mumbai,yes
ishita_bose872@hotmail.com,Ishita Bose,8,3591.17,2025-11-05,Noida,no
bhavana_agarwal873@hotmail.com,Bhavana Agarwal,16,9389.36,2026-03-16,Pune,yes
rakeshnaidu874@yahoo.com,Rakesh Naidu,3,981.13,2025-03-15,Pune,yes
sandeep.sharma876@outlook.com,Sandeep Sharma,4,1530.88,2025-10-11,Kochi,yes
kunal_bansal878@rediffmail.com,K. Bansal,2,894.11,2025-02-05,Noida,yes
rekhadesai879@gmail.com,R. Desai,7,4053.98,2024-10-31,Ahmedabad,no
sapna.naidu881@hotmail.com,Sapna Naidu,8,2643.87,2025-09-20,Ahmedabad,no
trishamalhotra882@yahoo.com,Trisha Malhotra,0,0.0,2024-06-27,Bengaluru,yes
megha.yadva883@yahoo.com,Megha Yadav,18,8537.01,2025-11-06,Noida,yes
harish.saxena884@gmail.com,Harish S.,0,0.0,2025-06-05,Indore,no
sanjay.chatterjee885@outlook.com,Sanjay Chatterjee,4,2179.83,2025-07-01,Pune,yes
nikhil_bhat887@hotmail.com,Nikhil Bhat,9,4335.97,2024-07-18,Delhi,yes
aarti.shah888@rediffmail.com,Aarti Shah,0,0.0,2025-08-19,Noida,yes
tara.gupta889@outlook.com,Tara Gupta,6,2150.77,2024-09-17,Noida,no
smita.sheikh890@hotmail.com,smita sheikh,0,0.0,2024-06-28,Noida,yes
madhuribansal891@rediffmail.com,Madhuri Bansal,2,1265.15,2025-01-31,Hyderabad,yes
tara_kumar892@yahoo.com,Tara Kumar,3,1241.12,2025-05-01,Jaipur,yes
riya.iyer896@gmail.com,Riya Iyer,16,9293.62,2024-12-06,Chandigarh,yes
deepak_das897@yahoo.com,Deepak Das,2,1390.5,2024-08-07,Indore,no
harishbansal898@outlook.com,Harish B.,15,8324.1,2026-04-15,Gurugram,yes
aarti_malhotra899@gmail.com,Aarti Malhotra,4,2069.65,2025-06-21,Mumbai,yes
ashok.sheikh900@gmail.com,Ashok Sheikh,9,4390.23,2024-12-21,Chandigarh,yes
sonia_sharma901@rediffmail.com,Sonia Sharma,5,3111.17,2025-07-06,Chennai,yes
yash_pillai902@hotmail.com,Yash Pillai,7,2472.25,2025-06-22,Jaipur,yes
ayeshaali903@outlook.com,Ayesha Ali,1,407.91,2025-10-29,Pune,yes
kavya.nair904@gmail.com,Kavya N.,23,12504.76,2024-06-24,Hyderabad,no
ritumishra905@yahoo.com,R. Mishra,0,0.0,2026-02-12,Mumbai,yes
tara_desai906@hotmail.com,Tara Desai,14,5822.54,2024-06-24,Mumbai,yes
soniamishra907@rediffmail.com,Sonia Mishra,0,0.0,2025-12-29,Surat,yes
ananya.ali913@yahoo.com,Ananya Ali,3,1146.46,2024-09-24,Chandigarh,yes
aishwarya_hussain915@yahoo.com,Aishwarya Hussain,17,11927.74,2025-12-11,Indore,no
sushma_singh916@hotmail.com,Sushma Singh,5,3127.9,2024-11-02,Pune,yes
karthik.pillai917@yahoo.com,Karthik Pillai,4,2201.85,2024-11-02,Gurugram,yes
naveenpandey918@rediffmail.com,Naveen P.,6,3701.64,2026-04-16,Jaipur,no
rajeshmehta919@gmail.com,Rajesh M.,1,540.29,2025-02-13,Chandigarh,no
rekhashah920@yahoo.com,Rekha Shah,3,1794.39,2025-03-06,Chandigarh,no
rahul.joshi922@hotmail.com,Rahul Joshi,0,0.0,2025-02-12,Gurugram,yes
harish_naidu923@gmail.com,Harish Naidu,8,2604.7,2026-04-27,Delhi,yes
nehaahmed925@yahoo.com,Neha Ahmed,10,4306.4,2025-11-03,Noida,no
arjunpatel927@hotmail.com,Arjun Patel,5,2449.33,2024-12-10,Pune,yes
adityakapoor928@hotmail.com,Aditya Kapoor,4,1945.72,2025-06-09,Bengaluru,no
pallavibose932@yahoo.com,pallavi bose,10,5862.23,2024-09-25,Chandigarh,yes
lakshmimenon933@hotmail.com,Lakshmi Menon,17,5247.36,2025-05-08,Pune,yes
pratikshadas934@yahoo.com,Pratiksha Das,8,5371.86,2024-10-26,Bengaluru,no
amit_qureshi935@hotmail.com,Amit Qureshi,1,293.47,2025-05-28,Jaipur,yes
saurabh.bansal938@gmail.com,Saurabh Bansal,5,2402.91,2025-04-23,Kolkata,yes
rekhamehta939@gmail.com,Rekha Mehta,0,0.0,2026-05-07,Gurugram,yes
aliya_sen940@rediffmail.com,Aliya Sen,3,1727.62,2026-05-05,Chennai,yes
kiran_banerjee941@outlook.com,Kiran Banerjee,13,4478.44,2026-04-04,Bengaluru,no
kiranbansal944@yahoo.com,Kiran Bansal,13,5861.19,2025-07-30,Pune,no
varun_das945@yahoo.com,Varun Das,2,565.38,2025-08-04,Pune,yes
anil_chatterjee946@yahoo.com,Anil C.,12,3997.59,2025-03-23,Indore,no
megha.mukherjee947@gmail.com,Megha Mukherjee,7,2720.24,2025-01-17,Kolkata,no
prakashshah951@rediffmail.com,prakash shah,4,1769.31,2026-03-29,Noida,yes
ishita_kumar953@rediffmail.com,Ishita Kumar,2,886.75,2024-07-15,Bengaluru,yes
nitin.chatterjee954@outlook.com,Nitin Chatterjee,7,3086.92,2024-12-10,Ahmedabad,yes
smita.sheikh955@yahoo.com,Smita Sheikh,0,0.0,2024-07-25,Jaipur,no
tara.patel956@rediffmail.com,Tara Patel,1,341.49,2024-10-01,Kochi,yes
rekha.subramanian959@gmail.com,rekha subramanian,8,4701.62,2025-05-17,Gurugram,yes
rohan.malhotra960@yahoo.com,Rohan Malhotra,2,588.71,2024-08-22,Mumbai,yes
nehakrishnan962@rediffmail.com,Neha Krishnan,17,6824.95,2026-02-07,Hyderabad,yes
lakshmi.mehta963@hotmail.com,L. Mehta,2,570.99,2025-02-13,Kochi,yes
rakesh_pandey964@gmail.com,Rakesh Pandey,4,1799.23,2025-06-07,Indore,yes
nikhilmehta966@rediffmail.com,Nikhil Mehta,1,708.68,2025-03-24,Noida,yes
rohit.pandey986@rediffmail.com,Rohit Pandey,3,1647.54,2025-06-20,Delhi,yes
sonia_ahmed969@yahoo.com,Sonia Ahmed,18,7503.76,2025-12-18,Kolkata,yes
bhavanachoudhary970@gmail.com,Bhavana Choudhary,0,0.0,2024-08-11,Delhi,yes
lakshmi.tiwari971@hotmail.com,Lakshmi Tiwari,4,1606.37,2024-09-04,Indore,yes
rakesh.hussain972@gmail.com,R. Hussain,0,0.0,2025-08-29,Indore,yes
kiran.mishra973@gmail.com,kiran mishra,29,14265.34,2025-11-03,Jaipur,yes
arjun.trivedi974@outlook.com,Arjun Trivedi,1,389.51,2024-10-22,Hyderabad,yes
yashmenon975@gmail.com,Yash Menon,2,833.88,2025-03-06,Pune,yes
saurabh_reddy976@rediffmail.com,saurabh reddy,3,1487.18,2025-10-21,Surat,yes
shreya.qureshi977@outlook.com,Shreya Qureshi,1,496.17,2025-09-30,Mumbai,yes
pallavi_hussain980@gmail.com,Pallavi H.,7,4655.41,2026-03-12,Jaipur,yes
vaurn_desai981@hotmail.com,Varun Desai,9,3844.44,2025-12-12,Surat,yes
aartibose983@gmail.com,Aarti B.,8,5540.78,2024-12-20,Kochi,no
suresh.banerjee984@yahoo.com,Suresh Banerjee,17,10353.57,2024-07-13,Chandigarh,yes
aditya_pillai985@gmail.com,Aditya Pillai,12,3883.67,2025-08-20,Bengaluru,no
siddharth_sen986@hotmail.com,Siddharth Sen,1,403.12,2026-01-12,Delhi,yes
yash_sheikh989@rediffmail.com,Yash Sheikh,10,6351.5,2024-09-12,Kolkata,yes
sapna_singh993@yahoo.com,Sapna S.,8,2379.57,2026-03-06,Surat,no
imran.choudhray994@rediffmail.com,Imran Choudhary,1,674.47,2026-01-29,Jaipur,yes
divyapandey997@rediffmail.com,Divya Pandey,6,4200.52,2025-11-08,Delhi,no
swatiyadav998@gmail.com,Swati Yadav,12,5175.1,2025-03-19,Bengaluru,yes
naveennair999@yahoo.com,Naveen Nair,0,0.0,2025-07-17,Delhi,yes
nitin.ali0101@yahoo.com,N. Ali,1,670.73,2024-08-24,Jaipur,yes
ishita_nair1003@hotmail.com,Ishita Nair,4,2445.49,2026-04-03,Delhi,no
priya_qureshi1004@yahoo.com,Priya Qureshi,2,1097.07,2024-12-29,Chandigarh,yes
nehaahmed1005@rediffmail.com,Neha Ahmed,0,0.0,2025-11-03,Ahmedabad,yes
pooja_tiwari1007@yahoo.com,Pooja Tiwari,10,3263.64,2024-09-28,Mumbai,no
sandeepkapoor1008@rediffmail.com,Sandeep Kapoor,1,620.18,2025-06-07,Jaipur,yes
manishjoshi1009@outlook.com,Manish Joshi,4,2370.41,2024-07-10,Surat,yes
sushma_nair1010@yahoo.com,Sushma Nair,11,7876.22,2026-02-23,Chandigarh,yes
nikhil.shah1011@outlook.com,Nikhil Shah,3,2074.09,2026-03-26,Kolkata,yes
sapna_bose1012@hotmail.com,Sapna Bose,10,5322.95,2024-11-24,Hyderabad,yes
rekhachatterjee1013@gmail.com,Rekha Chatterjee,27,9938.76,2025-06-08,Chennai,yes
aditya.naidu1014@hotmail.com,Aditya Naidu,11,4556.63,2025-08-31,Mumbai,yes
rakesh_saxena1016@hotmail.com,Rakesh Saxena,4,1730.01,2025-04-08,Kolkata,no
ananyahussain1019@rediffmail.com,ananya hussain,9,6237.17,2025-04-20,Noida,yes
mohan_mishra1020@gmail.com,Mohan Mishra,12,5463.31,2025-07-18,Bengaluru,yes
jaya.sheikh1021@rediffmail.com,J. Sheikh,8,2820.31,2025-10-03,Gurugram,no
priya_rao1022@yahoo.com,Priya R.,3,1202.96,2026-03-01,Chandigarh,no
rajeshmukherjee1025@gmail.com,Rajesh M.,6,2288.11,2025-08-08,Kochi,yes
riya.choudhary1026@yahoo.com,Riya Choudhary,1,336.41,2024-07-22,Delhi,yes
sapna.khanna1028@hotmail.com,S. Khanna,3,901.42,2025-08-01,Chandigarh,yes
rakeshpillai1029@rediffmail.com,R. Pillai,1,525.48,2024-11-30,Delhi,no
sapna.choudhary1030@rediffmail.com,Sapna Choudhary,6,3826.21,2025-08-20,Bengaluru,no
neha_kapoor1031@hotmail.com,Neha Kapoor,0,0.0,2025-02-15,Kolkata,yes
megha_verma1032@rediffmail.com,Megha Verma,4,1392.9,2026-05-09,Jaipur,yes
meera_singh1033@rediffmail.com,Meera Singh,6,2206.13,2024-12-21,Chennai,yes
sanjaymenon1035@gmail.com,Sanjay Menon,5,2001.32,2025-06-08,Hyderabad,yes
pratiksha.banerjee1036@yahoo.com,Pratiksha Banerjee,15,6468.16,2025-02-27,Kochi,yes
akash_ali1038@hotmail.com,Akash Ali,9,4305.8,2026-02-15,Pune,yes
ritu.pillai1040@yahoo.com,ritu pillai,0,0.0,2026-05-06,Indore,yes
akash.ali1041@outlook.com,Akash Ali,1,450.61,2026-02-02,Mumbai,no
sanjay_roy1042@outlook.com,Sanjay Roy,30,8553.63,2025-10-24,Noida,yes
prakash.das1043@gmail.com,Prakash Das,9,3188.92,2025-01-14,Pune,yes
rohanmalhotra1046@rediffmail.com,Rohan Malhotra,16,10103.69,2025-07-15,Gurugram,yes
prakash_pillai1047@rediffmail.com,Prakash Pillai,8,3285.14,2026-02-09,Bengaluru,yes
sureshroy1048@gmail.com,Suresh R.,2,1404.52,2025-12-19,Hyderabad,yes
sushmaroy1049@yahoo.com,Sushma Roy,1,480.11,2025-03-31,Surat,yes
naveen.kumar1051@gmail.com,naveen kumar,0,0.0,2024-08-09,Ahmedabad,no
divya_kapoor1052@outlook.com,Divya Kapoor,0,0.0,2024-12-07,Jaipur,no
rashmi.verma1053@yahoo.com,R. Verma,15,6040.99,2025-04-09,Bengaluru,yes
divyachoudhary1054@gmail.com,Divya Choudhary,2,1300.72,2025-10-22,Surat,yes
rakesh_verma1056@gmail.com,Rakesh Verma,0,0.0,2025-07-07,Jaipur,no
bhavanaroy1057@gmail.com,Bhavana Roy,5,1630.07,2025-12-16,Ahmedabad,yes
lakshmi.mukherjee1058@yahoo.com,Lakshmi Mukherjee,3,2135.69,2025-04-23,Indore,yes
bhavanaali1060@outlook.com,Bhavana Ali,2,926.32,2024-07-05,Jaipur,yes
naveen_kumar1061@hotmail.com,Naveen Kumar,4,1330.17,2024-09-25,Gurugram,yes
rahulbhat1062@gmail.com,Rahul Bhat,1,654.5,2024-12-07,Gurugram,yes
megha_krishnan1063@gmail.com,Megha Krishnan,19,11793.13,2026-02-14,Surat,yes
lakshmi.khanna1064@gmail.com,Lakshmi Khanna,0,0.0,2025-01-28,Kolkata,no
poojapillai1065@hotmail.com,Pooja Pillai,12,8229.9,2025-06-24,Delhi,no
sapna.iyer1066@hotmail.com,Sapna I.,4,2748.78,2025-01-27,Surat,yes
anil.pillai1067@hotmail.com,Anil Pillai,3,1487.14,2026-03-02,Ahmedabad,yes
aliyasen0168@hotmail.com,Aliya S.,2,1006.04,2025-07-19,Gurugram,yes
rajesh.subramanian1071@gmail.com,rajesh subramanian,3,1529.6,2024-08-12,Bengaluru,yes
trisha_trivedi1072@gmail.com,Trisha T.,0,0.0,2026-04-18,Noida,yes
rohan.pandey1078@rediffmail.com,R. Pandey,0,0.0,2025-09-11,Bengaluru,yes
kiranyadav1079@gmail.com,Kiran Yadav,6,1874.41,2026-01-14,Indore,yes
akash_rao1081@outlook.com,Akash Rao,1,515.42,2025-12-18,Bengaluru,yes
geeta.verm1a082@yahoo.com,Geeta Verma,12,5203.31,2024-06-26,Kochi,yes
deepak_joshi1083@yahoo.com,Deepak Joshi,1,448.31,2025-12-01,Chennai,yes
yash_subramanian1084@rediffmail.com,Yash Subramanian,4,2823.51,2026-03-23,Pune,yes
sapna.mukherjee1086@rediffmail.com,Sapna Mukherjee,2,769.48,2026-04-09,Ahmedabad,yes
omarsaxena1087@hotmail.com,Omar Saxena,5,2907.92,2025-10-24,Kochi,no
tanya_ali1088@yahoo.com,Tanya Ali,10,4865.57,2024-06-29,Pune,no
karthik_mehta1090@gmail.com,Karthik M.,0,0.0,2026-01-29,Chandigarh,yes
madhuri.roy1091@outlook.com,Madhuri Roy,4,1525.21,2026-04-05,Jaipur,no
ashok_sharma1092@outlook.com,Ashok Sharma,3,1541.77,2025-02-03,Chandigarh,yes
mohan.choudhary1095@yahoo.com,mohan choudhary,8,4351.78,2025-05-05,Hyderabad,yes
varunsubramanian1096@yahoo.com,V. Subramanian,1,625.37,2025-01-15,Bengaluru,yes
aishwaryaali1097@hotmail.com,Aishwarya Ali,9,5544.15,2024-09-18,Kolkata,no
sanjay_mukherjee1098@outlook.com,Sanjay Mukherjee,0,0.0,2026-05-04,Hyderabad,yes
aliya_das0199@yahoo.com,aliya das,15,9015.48,2025-06-19,Kochi,no
rohankrishnan1101@hotmail.com,R. Krishnan,3,1850.04,2025-04-02,Hyderabad,no
aishwarya.sharma1102@outlook.com,Aishwarya Sharma,2,1136.58,2024-12-09,Ahmedabad,yes
tarunpandey1104@outlook.com,Tarun Pandey,0,0.0,2025-05-12,Indore,yes
soniaiyer1105@gmail.com,Sonia Iyer,1,572.0,2024-12-18,Kolkata,yes
rakesh.joshi1106@outlook.com,Rakesh Joshi,0,0.0,2026-03-18,Chandigarh,no
nishahussain1107@yahoo.com,Nisha Hussain,6,2930.73,2025-06-24,Chandigarh,yes
ayesha_sen1109@hotmail.com,A. Sen,0,0.0,2026-01-11,Kolkata,yes
harishyadav1111@rediffmail.com,Harish Yadav,11,6556.91,2025-06-23,Chennai,yes
neha_bhat1112@rediffmail.com,Neha Bhat,2,987.81,2025-02-04,Hyderabad,no
harish.joshi1113@rediffmail.com,H. Joshi,9,4320.35,2025-02-02,Mumbai,yes
rohitkapoor1114@gmail.com,Rohit Kapoor,25,17902.26,2025-08-12,Hyderabad,yes
omaryadav1118@rediffmail.com,Omar Yadav,0,0.0,2024-12-02,Jaipur,no
rekhmaehta1120@rediffmail.com,Rekha Mehta,10,4798.28,2024-10-16,Chennai,yes
rohit_pillai1121@gmail.com,rohit pillai,12,6388.06,2026-04-01,Chennai,yes
akashsaxena1122@yahoo.com,Akash Saxena,3,850.48,2025-08-12,Mumbai,yes
saurabh_sen1123@yahoo.com,Saurabh Sen,3,1197.85,2025-07-26,Mumbai,yes
ritu_pillai1124@yahoo.com,Ritu Pillai,15,4820.85,2026-02-19,Chennai,no
saurabhtiwari1125@hotmail.com,Saurabh Tiwari,0,0.0,2026-01-04,Delhi,yes
gaurav_nair1126@hotmail.com,Gaurav Nair,9,4425.52,2024-09-13,Ahmedabad,yes
kunal_yadav1127@outlook.com,Kunal Yadav,6,2537.9,2026-03-10,Surat,yes
yashbanerjee1129@hotmail.com,Yash Banerjee,6,2351.94,2024-09-04,Ahmedabad,no
ritu_mukherjee1130@gmail.com,Ritu Mukherjee,2,948.12,2025-07-02,Chandigarh,yes
kiran.mehta1131@gmail.com,Kiran Mehta,10,6042.97,2024-08-15,Ahmedabad,yes
trisha.joshi1134@yahoo.com,T. Joshi,9,3404.82,2025-02-14,Chandigarh,yes
arjundas1137@rediffmail.com,A. Das,6,2094.31,2025-07-19,Surat,yes
sandeep.ahmed1138@yahoo.com,Sandeep A.,1,293.15,2025-02-09,Delhi,yes
rahulpandey1139@yahoo.com,Rahul Pandey,0,0.0,2025-04-03,Noida,yes
akash_pillai1141@rediffmail.com,Akash Pillai,14,7771.69,2025-10-06,Mumbai,yes
vinaykumar1146@gmail.com,Vinay Kumar,0,0.0,2024-08-29,Delhi,yes
sushma.khanna1147@gmail.com,Sushma Khanna,0,0.0,2025-04-13,Ahmedabad,yes
aliya_agarwal1150@hotmail.com,Aliya Agarwal,4,2164.63,2026-02-17,Kochi,yes
karthik.agarwal1153@rediffmail.com,Karthik Agarwal,10,3295.83,2024-08-28,Bengaluru,yes
tanya.ahmed1154@rediffmail.com,Tanya Ahmed,15,9277.45,2024-08-16,Jaipur,yes
hemant_khan1155@hotmail.com,Hemant Khan,15,4819.44,2025-03-11,Mumbai,yes
yashsheikh1157@gmail.com,Yash Sheikh,8,5685.29,2025-10-25,Jaipur,yes
nitin_reddy1158@rediffmail.com,Nitin Reddy,4,1352.75,2026-04-29,Jaipur,yes
aishwaryaapndey1159@rediffmail.com,Aishwarya Pandey,4,2237.89,2026-04-26,Bengaluru,no
hemant_malhotra1163@gmail.com,H. Malhotra,10,6452.57,2024-10-13,Jaipur,yes
imran.saxena1165@hotmail.com,Imran Saxena,0,0.0,2025-12-16,Surat,yes
priya_verma1166@rediffmail.com,Priya Verma,8,5606.25,2024-08-24,Kochi,yes
asha_tiwari1167@rediffmail.com,Asha Tiwari,9,4261.43,2025-10-23,Delhi,yes
rashmi.kumar1168@gmail.com,R. Kumar,3,1405.03,2026-03-19,Gurugram,yes
karthikali1169@rediffmail.com,Karthik Ali,6,2152.46,2025-08-07,Kochi,yes
arjun.pillai1171@yahoo.com,Arjun Pillai,0,0.0,2025-10-11,Jaipur,no
rakesh.bose1173@outlook.com,Rakesh Bose,0,0.0,2024-07-11,Chennai,yes
pratikshakhanna1176@rediffmail.com,Pratiksha Khanna,16,8740.78,2026-02-06,Indore,yes
sneha_hussain1179@outlook.com,Sneha Hussain,5,1656.12,2025-06-30,Chandigarh,yes
vikram_gupta1182@rediffmail.com,Vikram Gupta,11,6855.61,2025-06-13,Jaipur,yes
vikrampandey1185@yahoo.com,Vikram Pandey,0,0.0,2025-07-01,Hyderabad,yes
smitabansal1186@hotmail.com,Smita Bansal,16,9265.31,2025-08-17,Bengaluru,yes
zara.nari1189@hotmail.com,Zara Nair,3,863.5,2024-06-21,Mumbai,yes
riyashah1191@hotmail.com,R. Shah,1,516.84,2025-06-30,Chennai,yes
meera_tiwari1192@yahoo.com,M. Tiwari,9,4099.48,2024-11-26,Surat,yes
tarun.reddy1193@rediffmail.com,Tarun Reddy,6,2640.82,2024-12-10,Indore,yes
rohitkapoor1194@yahoo.com,Rohit Kapoor,11,5099.12,2025-04-15,Chennai,yes
harish_saxena1195@rediffmail.com,Harish Saxena,1,665.43,2025-06-11,Delhi,yes
smita_pillai1198@outlook.com,Smita Pillai,9,5072.3,2024-08-27,Jaipur,yes
rashmireddy1200@outlook.com,Rashmi Reddy,2,582.03,2025-06-29,Surat,yes
aishwarya.yadav1201@hotmail.com,Aishwarya Yadav,11,3221.02,2025-01-11,Pune,yes
aliya.kumar1202@yahoo.com,Aliya Kumar,4,2492.16,2025-07-17,Chennai,yes
priyakumar1206@outlook.com,priya kumar,2,600.69,2024-07-23,Ahmedabad,no
vraun.iyer1207@outlook.com,Varun Iyer,2,1432.52,2025-03-26,Jaipur,yes
hemantmishra1208@rediffmail.com,Hemant Mishra,5,2202.93,2024-06-26,Delhi,yes
deepakgupta1210@hotmail.com,Deepak Gupta,16,5925.52,2024-08-29,Chandigarh,yes
aliyamukherjee1211@yahoo.com,Aliya Mukherjee,25,14027.75,2025-12-30,Indore,yes
sanjay_kumar1212@outlook.com,Sanjay Kumar,26,12046.93,2025-03-16,Chandigarh,yes
meghadesai1213@hotmail.com,Megha Desai,4,1839.48,2025-08-20,Gurugram,yes
swatibanerjee1214@gmail.com,Swati Banerjee,11,4371.49,2025-05-05,Bengaluru,no
pallavi_sheikh1221@gmail.com,Pallavi Sheikh,14,8720.75,2025-04-06,Jaipur,yes
geetapandey1222@rediffmail.com,Geeta Pandey,4,2578.75,2025-08-16,Chennai,no
kavya_singh1223@outlook.com,Kavya S.,0,0.0,2025-09-28,Chandigarh,yes
jaya_gupta1224@hotmail.com,Jaya Gupta,16,8689.99,2025-07-22,Chandigarh,yes
sandeep.sharma1225@gmail.com,Sandeep Sharma,1,484.02,2025-10-12,Chennai,yes
asha_naidu1226@hotmail.com,Asha Naidu,1,359.5,2024-09-02,Kolkata,no
nikhilshah1227@yahoo.com,Nikhil Shah,6,4197.42,2024-08-14,Surat,no
akashbansal1228@rediffmail.com,Akash Bansal,3,1418.71,2024-10-19,Gurugram,no
manishdesai1229@outlook.com,Manish D.,1,648.94,2024-09-18,Surat,yes
priya_mishra1230@rediffmail.com,Priya Mishra,5,1634.25,2026-02-10,Kochi,yes
ishita_subramanian1232@yahoo.com,Ishita Subramanian,2,589.59,2025-04-18,Delhi,yes
rajeshtrivedi1233@rediffmail.com,Rajesh Trivedi,5,3348.63,2025-07-29,Pune,yes
sandeepsaxena1234@hotmail.com,sandeep saxena,0,0.0,2025-10-08,Kochi,yes
nisha.krishnan1235@outlook.com,Nisha Krishnan,4,2522.9,2025-02-11,Jaipur,no
aliyaahmed1237@outlook.com,Aliya Ahmed,0,0.0,2025-12-30,Kolkata,yes
nisha_kapoor1238@hotmail.com,Nisha Kapoor,5,3214.71,2026-02-05,Surat,yes
varun.nair1240@hotmail.com,Varun Nair,10,7189.97,2026-04-27,Chandigarh,yes
vikramgupta1241@gmail.com,vikram gupta,3,955.17,2024-10-08,Delhi,no
mahesh.reddy1242@rediffmail.com,Mahesh Reddy,0,0.0,2025-06-05,Indore,yes
sapna.ahmed1243@yahoo.com,Sapna Ahmed,18,6231.13,2024-07-27,Delhi,yes
abhishek.patel1244@hotmail.com,Abhishek Patel,0,0.0,2026-05-05,Bengaluru,yes
rakeshhussain1246@rediffmail.com,Rakesh Hussain,2,733.1,2024-11-23,Bengaluru,yes
suresh_trivedi1247@rediffmail.com,Suresh Trivedi,0,0.0,2024-12-08,Indore,yes
trisha_khanna1248@yahoo.com,Trisha Khanna,0,0.0,2025-05-04,Mumbai,no
omar_khan1249@yahoo.com,Omar K.,16,9619.78,2025-01-19,Noida,yes
anilkrishnan1251@yahoo.com,anil krishnan,6,1762.32,2026-02-26,Chennai,yes
priyabanerjee1256@hotmail.com,P. Banerjee,5,2716.87,2024-06-29,Gurugram,yes
naveen_mehta1257@rediffmail.com,Naveen Mehta,1,480.59,2025-04-28,Bengaluru,yes
riya_krishnan1262@rediffmail.com,Riya Krishnan,11,6233.09,2026-03-19,Kochi,yes
priyapillai1263@yahoo.com,Priya Pillai,7,4757.74,2024-06-27,Noida,yes
arjunbhat1264@yahoo.com,Arjun Bhat,6,1873.11,2026-01-28,Ahmedabad,yes
sapna_shah1266@yahoo.com,Sapna Shah,9,5797.55,2025-11-09,Jaipur,yes
riyaverma1270@outlook.com,Riya Verma,10,7121.71,2025-07-16,Kolkata,yes
sneha.pillai1271@yahoo.com,Sneha Pillai,3,1379.32,2025-03-13,Indore,no
rajesh_mehta1273@gmail.com,Rajesh Mehta,7,3795.14,2025-10-30,Kochi,yes
adityamehta1274@yahoo.com,Aditya Mehta,6,3598.91,2026-03-30,Pune,no
priyajoshi1275@yahoo.com,Priya Joshi,1,348.71,2024-07-24,Hyderabad,yes
sureshqureshi1276@gmail.com,Suresh Qureshi,3,1433.12,2025-05-21,Hyderabad,yes
trisha.kapoor1277@gmail.com,Trisha Kapoor,8,3848.64,2026-02-23,Pune,yes
lakshmi.mehta1278@outlook.com,Lakshmi Mehta,5,2602.69,2025-10-06,Gurugram,yes
nitinbose1281@outlook.com,Nitin Bose,25,13011.04,2024-09-26,Mumbai,yes
swatibose1282@outlook.com,Swati Bose,10,4055.07,2025-01-08,Indore,no
akash_menon1283@yahoo.com,Akash Menon,8,4452.56,2024-09-16,Kolkata,yes
ananya_choudhary2184@outlook.com,Ananya C.,6,4261.26,2025-05-25,Jaipur,yes
kavya.patel1286@outlook.com,Kavya Patel,0,0.0,2024-11-08,Kochi,no
madhuri_sen1287@rediffmail.com,Madhuri Sen,2,1137.35,2024-11-20,Gurugram,no
meghaverma1288@gmail.com,M. Verma,20,12467.27,2026-03-06,Surat,yes
swatimishra1289@outlook.com,Swati Mishra,16,9704.21,2025-07-17,Mumbai,yes
mohan.qureshi1290@rediffmail.com,Mohan Qureshi,0,0.0,2025-06-25,Jaipur,no
faisalbose1291@yahoo.com,Faisal Bose,9,3856.59,2024-09-30,Mumbai,yes
rekha.emhta1292@gmail.com,R. Mehta,1,453.94,2026-03-30,Delhi,no
tara.pillai1294@yahoo.com,Tara Pillai,3,1469.07,2026-04-12,Gurugram,yes
akash_reddy1925@rediffmail.com,Akash Reddy,0,0.0,2025-10-14,Gurugram,yes
aliya_pandey1297@rediffmail.com,Aliya Pandey,5,1406.63,2025-08-09,Surat,yes
aarti_malhotra1298@yahoo.com,Aarti Malhotra,0,0.0,2024-08-13,Chennai,yes
divya.qureshi1301@outlook.com,divya qureshi,2,932.78,2024-11-11,Pune,no
manishmehta1304@outlook.com,Manish Mehta,1,332.06,2026-02-01,Ahmedabad,no
kunal.das1305@outlook.com,Kunal Das,17,8591.73,2025-04-16,Chandigarh,yes
kiran_singh1307@hotmail.com,kiran singh,3,2083.84,2024-11-28,Kochi,yes
adityamenon1308@yahoo.com,Aditya Menon,1,637.81,2025-11-03,Pune,yes
prtaiksha_qureshi1310@rediffmail.com,Pratiksha Qureshi,4,2249.51,2024-06-29,Mumbai,no
gauravchoudhary1311@outlook.com,Gaurav C.,19,9260.51,2026-01-18,Ahmedabad,no
sanjay.hussain1312@hotmail.com,Sanjay Hussain,0,0.0,2025-11-06,Indore,yes
riya.rao1314@outlook.com,Riya Rao,4,2091.61,2025-12-18,Hyderabad,yes
tarun.sharma1316@rediffmail.com,Tarun Sharma,1,486.81,2025-02-03,Pune,yes
rohan.chatterjee1317@outlook.com,Rohan Chatterjee,0,0.0,2025-12-30,Surat,no
akash_roy1318@rediffmail.com,Akash Roy,6,4108.88,2025-01-31,Ahmedabad,yes
komal.hussain1320@yahoo.com,Komal Hussain,9,6424.88,2025-11-19,Gurugram,yes
sapnachatterjee1322@outlook.com,Sapna Chatterjee,1,482.44,2025-09-17,Indore,no
sneha.menon1324@yahoo.com,sneha menon,3,1957.03,2025-07-13,Kochi,yes
kiranpillai1325@outlook.com,K. Pillai,2,1139.16,2025-02-21,Delhi,yes
geeta.mehta1326@gmail.com,Geeta Mehta,1,428.79,2025-01-12,Delhi,yes
harihs.joshi1327@gmail.com,Harish Joshi,14,5362.64,2025-04-08,Hyderabad,yes
abhishek_bansal1329@hotmail.com,A. Bansal,10,5886.54,2025-02-11,Kochi,yes
varun_roy1331@yahoo.com,Varun Roy,1,305.5,2025-03-13,Pune,yes
divyashah1333@outlook.com,Divya S.,0,0.0,2025-06-07,Pune,no
rashmi.verma1337@hotmail.com,Rashmi Verma,20,8705.87,2025-05-12,Kolkata,no
karthik.desai1338@rediffmail.com,Karthik Desai,1,436.5,2026-03-31,Delhi,yes
mohan_chatterjee1339@gmail.com,Mohan Chatterjee,5,3037.49,2026-01-26,Noida,no
naveensharma1340@gmail.com,Naveen Sharma,0,0.0,2025-09-09,Mumbai,yes
sushma.apndey1342@hotmail.com,Sushma Pandey,10,3543.28,2025-07-07,Kochi,yes
faisal_subramanian1343@yahoo.com,faisal subramanian,18,12941.15,2025-05-26,Indore,no
ayesha.shah1345@hotmail.com,Ayesha Shah,6,2602.46,2025-02-07,Delhi,yes
ayesha_saxena1347@yahoo.com,A. Saxena,5,1492.58,2024-10-31,Noida,no
priya_mehta1348@yahoo.com,Priya Mehta,9,2624.98,2026-02-21,Chandigarh,no
sanpasen1349@gmail.com,Sapna Sen,6,2661.45,2024-10-19,Kolkata,yes
karthik_nair1350@outlook.com,Karthik Nair,6,2686.98,2025-08-29,Bengaluru,yes
pranavchoudhary1352@outlook.com,Pranav Choudhary,20,13695.22,2025-10-17,Delhi,no
aishwaryashah1354@yahoo.com,Aishwarya Shah,9,5801.86,2024-11-09,Jaipur,yes
akash_rao1355@yahoo.com,Akash Rao,7,4832.32,2025-05-08,Chandigarh,yes
gaurav.khan1356@yahoo.com,Gaurav K.,5,3538.8,2026-01-28,Hyderabad,yes
megha.ahmed1357@hotmail.com,Megha Ahmed,0,0.0,2024-09-10,Mumbai,yes
rekhayadav1359@outlook.com,R. Yadav,2,875.12,2025-02-23,Kolkata,no
vikramtrivedi1360@gmail.com,Vikram Trivedi,0,0.0,2025-07-24,Hyderabad,no
manish_khanna1362@yahoo.com,Manish Khanna,2,1131.81,2024-08-21,Chennai,yes
amit_sharma1363@outlook.com,Amit Sharma,2,671.94,2025-10-13,Hyderabad,no
kiran.menon1365@hotmail.com,Kiran Menon,8,2921.33,2025-12-06,Mumbai,yes
maheshdas1367@hotmail.com,Mahesh Das,4,1342.65,2026-01-12,Delhi,no
ritu_trivedi1369@gmail.com,Ritu Trivedi,3,1870.79,2025-06-19,Hyderabad,yes
kunal.bhat1370@outlook.com,Kunal Bhat,3,1526.91,2024-07-14,Chandigarh,yes
arjun.reddy3171@outlook.com,Arjun Reddy,2,1255.15,2025-06-18,Pune,yes
ashokhussain1372@yahoo.com,Ashok Hussain,0,0.0,2025-03-16,Delhi,yes
tarunsheikh1374@rediffmail.com,Tarun Sheikh,7,4639.47,2026-02-20,Gurugram,yes
nitinbose1376@hotmail.com,Nitin Bose,4,2233.23,2024-08-10,Jaipur,yes
ayesha.desai1378@hotmail.com,Ayesha D.,14,6520.53,2024-10-28,Ahmedabad,yes
rekha_banerjee1379@outlook.com,Rekha Banerjee,7,4654.91,2025-11-04,Surat,yes
ritu_quershi1380@outlook.com,Ritu Q.,8,5626.05,2025-09-09,Kochi,yes
rahulrao1382@yahoo.com,Rahul Rao,4,2571.05,2025-03-01,Hyderabad,no
naveen.naidu1383@gmail.com,Naveen Naidu,4,2163.48,2024-09-20,Mumbai,no
pooja.reddy1385@outlook.com,P. Reddy,1,543.84,2025-04-19,Indore,yes
riyasheikh1386@rediffmail.com,Riya Sheikh,8,4171.99,2025-01-06,Delhi,yes
latha.bose1388@rediffmail.com,Latha Bose,7,4587.8,2026-02-22,Mumbai,yes
faisal.tiwari1389@rediffmail.com,Faisal Tiwari,7,4050.81,2026-04-10,Kochi,yes
swatimehta1390@outlook.com,swati mehta,0,0.0,2024-12-10,Kochi,yes
ananya_verma1391@rediffmail.com,ananya verma,12,4306.3,2026-01-26,Ahmedabad,no
prakash_yadav1393@yahoo.com,prakash yadav,4,2635.27,2025-08-07,Kolkata,yes
nikhil.menon1394@rediffmail.com,Nikhil Menon,0,0.0,2024-12-28,Pune,yes
varun.khan1395@rediffmail.com,Varun Khan,0,0.0,2025-09-28,Chennai,yes
anjali_choudhary1396@gmail.com,Anjali Choudhary,4,2111.68,2025-02-03,Indore,yes
abhishekchoudhary1398@rediffmail.com,abhishek choudhary,0,0.0,2025-05-13,Bengaluru,yes
ayesha.naidu1399@rediffmail.com,A. Naidu,5,1707.98,2025-04-21,Ahmedabad,yes
rakesh_patel1400@rediffmail.com,Rakesh P.,1,710.61,2025-04-12,Gurugram,no
mohanmenon1042@yahoo.com,Mohan Menon,9,5721.36,2026-04-23,Pune,yes
rakeshpillai1403@hotmail.com,Rakesh Pillai,6,2641.8,2025-08-03,Mumbai,yes
ritu_reddy1406@rediffmail.com,Ritu Reddy,0,0.0,2024-12-16,Gurugram,yes
tarunkumar1408@rediffmail.com,Tarun Kumar,5,2321.9,2025-05-21,Noida,no
megha_pillai1409@outlook.com,Megha Pillai,12,6023.11,2025-02-17,Chandigarh,yes
sanjaymukherjee1410@rediffmail.com,Sanjay Mukherjee,2,931.92,2026-02-01,Noida,yes
anjali.singh1411@rediffmail.com,Anjali Singh,5,1702.26,2024-06-22,Ahmedabad,yes
vikram.pillai1412@yahoo.com,Vikram Pillai,2,1273.51,2025-08-22,Jaipur,yes
arjun.saxena1413@rediffmail.com,arjun saxena,0,0.0,2025-11-03,Gurugram,yes
aartiverma1415@outlook.com,aarti verma,9,5013.98,2024-07-03,Gurugram,yes
karthik_bhat1416@yahoo.com,Karthik Bhat,0,0.0,2025-04-22,Jaipur,yes
omarpatel1417@rediffmail.com,Omar Patel,0,0.0,2025-10-05,Chennai,yes
aishwarya.malhotra1418@hotmail.com,aishwarya malhotra,4,2380.19,2025-09-03,Pune,yes
anjali.agarwal1421@rediffmail.com,Anjali Agarwal,0,0.0,2026-02-11,Kochi,yes
anjali_mehta1422@outlook.com,Anjali Mehta,2,1394.99,2024-10-15,Pune,yes
komalahmed1423@yahoo.com,Komal Ahmed,6,2725.36,2025-06-19,Bengaluru,no
aishwarya_ahmed1425@gmail.com,A. Ahmed,4,1805.04,2025-09-15,Ahmedabad,no
divya.mishra1427@yahoo.com,Divya M.,7,5008.05,2024-06-19,Delhi,yes
sushma_roy1428@gmail.com,Sushma Roy,1,410.65,2024-09-11,Chandigarh,no
rakesh.mehta1429@gmail.com,Rakesh Mehta,10,3426.59,2024-09-09,Bengaluru,yes
ayesharoy1430@hotmail.com,Ayesha Roy,19,7151.3,2025-08-28,Jaipur,yes
pranav_tiwari1431@gmail.com,Pranav Tiwari,2,957.44,2024-08-08,Mumbai,yes
vikrammehta1432@gmail.com,Vikram Mehta,3,1934.69,2025-04-17,Kochi,yes
shreya_singh1434@hotmail.com,S. Singh,0,0.0,2025-08-22,Kochi,no
bhavanaverma1435@rediffmail.com,Bhavana Verma,6,3750.98,2024-10-25,Gurugram,yes
latha_pandey1436@gmail.com,Latha P.,4,1763.14,2026-02-17,Gurugram,yes
meghamenon1437@gmail.com,Megha Menon,1,526.06,2026-02-23,Chandigarh,yes
tara_pillai1439@hotmail.com,Tara Pillai,7,3829.62,2025-12-08,Gurugram,yes
manish_mishra1440@yahoo.com,Manish Mishra,3,912.22,2024-09-25,Kolkata,yes
priya.kapoor1441@rediffmail.com,Priya Kapoor,4,2668.9,2026-02-15,Surat,yes
anjali.reddy1445@outlook.com,Anjali Reddy,8,5188.86,2025-11-27,Ahmedabad,no
nishapandey1447@hotmail.com,Nisha Pandey,0,0.0,2026-02-06,Indore,yes
tara_reddy1448@outlook.com,Tara Reddy,15,5776.69,2025-03-04,Bengaluru,yes
ashoksubramanian1450@gmail.com,Ashok Subramanian,6,3544.25,2024-12-18,Chennai,yes
kavya.nai1r451@gmail.com,Kavya Nair,13,7006.78,2025-11-25,Ahmedabad,no
rakeshsen1452@yahoo.com,Rakesh Sen,0,0.0,2026-01-08,Hyderabad,yes
mohannaidu1453@yahoo.com,Mohan N.,0,0.0,2025-04-04,Kochi,yes
jayasingh1458@rediffmail.com,Jaya Singh,9,5484.89,2026-03-17,Indore,no
nikhil_joshi1459@hotmail.com,Nikhil Joshi,3,844.43,2025-04-13,Bengaluru,yes
aarti_malhotra1460@gmail.com,Aarti Malhotra,6,2307.34,2025-10-29,Kolkata,no
amit.malhotra1461@hotmail.com,Amit Malhotra,2,1211.19,2024-08-12,Kolkata,no
sapna_mishra1462@gmail.com,Sapna Mishra,14,8590.07,2026-01-08,Kolkata,yes
rashmi_rao1463@hotmail.com,Rashmi Rao,4,2067.2,2024-11-23,Chandigarh,yes
vinay_qureshi1464@hotmail.com,Vinay Qureshi,22,15756.38,2024-12-07,Kochi,no
pranav.iyer1465@gmail.com,Pranav Iyer,4,2439.59,2025-02-22,Bengaluru,yes
sapna.pillai1466@yahoo.com,Sapna Pillai,13,8549.25,2024-07-26,Ahmedabad,no
geeta.menon1467@yahoo.com,Geeta Menon,0,0.0,2025-09-24,Delhi,no
vikram_patel1468@gmail.com,Vikram Patel,11,5534.82,2025-08-07,Kochi,yes
akashbose1469@yahoo.com,A. Bose,3,1699.7,2025-08-17,Chennai,yes
nitin.menon1470@yahoo.com,Nitin Menon,1,604.72,2026-03-19,Hyderabad,yes
karthik.reddy1472@outlook.com,Karthik Reddy,6,3278.09,2026-03-31,Kolkata,yes
maheshsubramanian1473@rediffmail.com,Mahesh Subramanian,2,670.77,2025-11-09,Surat,yes
ishitareddy1475@hotmail.com,Ishita Reddy,4,2301.99,2026-01-15,Gurugram,yes
rkeharao1476@rediffmail.com,Rekha Rao,9,5899.49,2025-02-20,Indore,yes
rashmi.sharma1477@rediffmail.com,Rashmi Sharma,10,3212.89,2024-12-15,Noida,yes
tanya_roy1478@hotmail.com,Tanya R.,7,2296.71,2025-07-13,Kolkata,yes
kiran.desai1480@outlook.com,Kiran Desai,7,2321.59,2025-09-07,Kolkata,yes
hraish.kumar1481@outlook.com,Harish Kumar,3,1615.8,2025-03-23,Chennai,yes
divya_mukherjee1482@gmail.com,Divya Mukherjee,21,8514.14,2024-10-16,Chandigarh,yes
omar_krishnan1485@gmail.com,Omar Krishnan,3,841.9,2025-12-31,Mumbai,yes
sneha_das1486@rediffmail.com,Sneha Das,0,0.0,2024-11-03,Kolkata,no
nisha.tiwari1488@hotmail.com,nisha tiwari,6,3621.92,2026-03-06,Jaipur,yes
sanjaykhanna1491@outlook.com,Sanjay Khanna,2,997.67,2026-04-04,Chennai,yes
ishtia_sen1492@hotmail.com,Ishita Sen,4,2872.22,2024-11-25,Noida,yes
sushma_rao1493@hotmail.com,Sushma Rao,0,0.0,2025-06-01,Surat,yes
nitin_bose1494@gmail.com,Nitin Bose,0,0.0,2025-09-13,Ahmedabad,yes
anjali_trivedi1495@yahoo.com,Anjali T.,0,0.0,2025-08-01,Chandigarh,yes
komal_naidu1497@yahoo.com,Komal Naidu,9,3819.78,2025-07-16,Chandigarh,yes
jaya_pillai1498@gmail.com,Jaya Pillai,6,1924.67,2026-05-02,Kochi,no
smitareddy1499@outlook.com,Smita Reddy,4,1290.18,2024-09-23,Chandigarh,no
